price,volume,date,change,changePercent,cumulativeReturn
324.87,59253833,2020-01-02,1.33,0.41108,0.0
322.41,77783566,2020-01-03,1.25,0.38921,-0.007572259673099935
323.64,55761948,2020-01-06,3.15,0.98287,-0.003786129836550023
322.73,42854811,2020-01-07,-0.29,-0.08977772,-0.006587250284729285
324.45,68434153,2020-01-08,1.51,0.46758,-0.0012928248222365823
326.65,48569601,2020-01-09,0.49,0.15023,0.005479114722812151
325.71,53057389,2020-01-10,-1.58,-0.48275,0.0025856496444731647
327.95,47262010,2020-01-13,1.56,0.47796,0.00948071536306827
327.45,63036384,2020-01-14,-0.02,-0.00610743,0.007941638193738942
328.19,72056598,2020-01-15,0.84,0.25661,0.010219472404346286
330.92,54050328,2020-01-16,1.22,0.37003,0.018622833748884293
331.95,95846017,2020-01-17,0.25,0.07536931,0.02179333271770245
331.3,77742415,2020-01-21,0.4,0.12088,0.019792532397574503
331.34,48914899,2020-01-22,-0.9,-0.27089,0.019915658571120654
331.72,52004140,2020-01-23,1.09,0.32967,0.021085357219811085
328.77,87578442,2020-01-24,-3.67,-1.1,0.012004801920768138
323.5,84062463,2020-01-27,0.47,0.1455,-0.004217071443962217
326.89,63833953,2020-01-28,1.83,0.56297,0.006217871764090166
326.62,54040889,2020-01-29,-1.76,-0.53596,0.0053867700926524265
327.68,75491844,2020-01-30,3.32,1.02,0.008649613691630531
321.73,113845576,2020-01-31,-5.27,-1.61,-0.00966540462338783
324.12,69242293,2020-02-03,0.77,0.23813,-0.002308615753993881
329.06,62573190,2020-02-04,0.99,0.30176,0.012897466678979175
332.86,65951146,2020-02-05,0.59,0.17757,0.024594453165881713
333.98,50359688,2020-02-06,0.07,0.02096373,0.028041986025179266
332.2,64139443,2020-02-07,-0.62,-0.18629,0.022562871302367116
334.68,42070006,2020-02-10,3.45,1.04,0.030196694062240237
335.26,54864533,2020-02-11,-0.9,-0.26773,0.03198202357866209
337.42,43992662,2020-02-12,0.59,0.17516,0.03863083695016467
337.06,54501922,2020-02-13,1.2,0.35729,0.03752270138824754
337.6,64582210,2020-02-14,0.09,0.02666588,0.03918490473112324
336.73,57342526,2020-02-18,0.22,0.06537696,0.03650691045649035
338.34,48814692,2020-02-19,0.55,0.16282,0.04146273894173036
336.95,74163362,2020-02-20,-0.7923,-0.23391,0.03718410441099507
333.48,113788208,2020-02-21,-1.99,-0.5932,0.02650290885585016
322.42,161088409,2020-02-24,-0.72,-0.22281,-0.007541478129713397
312.65,218913168,2020-02-25,-11.29,-3.49,-0.03761504601840748
311.5,194773819,2020-02-26,-2.68,-0.85301,-0.04115492350786465
297.51,284353460,2020-02-27,-7.95,-2.6,-0.08421830270569775
296.26,385764020,2020-02-28,7.56,2.62,-0.08806599562902084
309.09,238703625,2020-03-02,10.88,3.65,-0.048573275464031895
300.24,300139150,2020-03-03,-9.26,-2.99,-0.07581494136115985
312.86,176613448,2020-03-04,6.74,2.2,-0.03696863360728908
302.46,186366809,2020-03-05,-2.52,-0.82628,-0.06898143872933793
297.46,228667168,2020-03-06,4.31,1.47,-0.08437221042263066
274.23,309417350,2020-03-09,-1.07,-0.38867,-0.15587773570966845
288.42,276444060,2020-03-10,3.78,1.33,-0.11219872564410371
274.36,256416563,2020-03-11,-6.34,-2.26,-0.1554775756456428
248.11,392220670,2020-03-12,-7.89,-3.08,-0.23627912703542953
269.32,329566100,2020-03-13,6.23,2.37,-0.1709914735124819
239.85,297240030,2020-03-16,-1.33,-0.55146,-0.2617046818727491
252.8,262070471,2020-03-17,7.76,3.17,-0.22184258318712102
240.0,327597130,2020-03-18,3.75,1.59,-0.26124295872195036
240.51,289322040,2020-03-19,1.26,0.52665,-0.2596731000092345
228.8,347158790,2020-03-20,-13.73,-5.66,-0.295718287314926
222.95,326025170,2020-03-23,-5.24,-2.3,-0.3137254901960784
243.15,235494475,2020-03-24,8.73,3.72,-0.2515467725551759
246.79,299430255,2020-03-25,1.92,0.78409,-0.24034229076245883
261.2,257632816,2020-03-26,11.68,4.68,-0.19598608674238926
253.42,224341217,2020-03-27,0.15,0.05922533,-0.2199341274971528
261.65,170961866,2020-03-30,5.95,2.33,-0.19460091728999296
257.75,194881060,2020-03-31,-2.81,-1.08,-0.2066057192107612
246.15,189554623,2020-04-01,-1.83,-0.73796,-0.24231230953920024
251.83,177660430,2020-04-02,6.64,2.71,-0.22482839289561973
248.19,135561171,2020-04-03,-2.57,-1.02,-0.2360328746883369
264.86,188061238,2020-04-06,7.02,2.72,-0.18472004186289892
265.13,201427189,2020-04-07,-9.08,-3.31,-0.18388894019146118
274.03,153774487,2020-04-08,6.07,2.27,-0.15649336657740032
278.2,190282705,2020-04-09,0.62,0.22336,-0.1436574629851941
275.66,115139268,2020-04-13,-1.48,-0.53403,-0.15147597500538668
283.79,134143350,2020-04-14,2.81,1.0,-0.12645058023209277
277.76,121775006,2020-04-15,0.19,0.0684512,-0.14501185089420388
279.1,131798325,2020-04-16,-0.05,-0.01791152,-0.14088712408040138
286.64,146684784,2020-04-17,1.26,0.44152,-0.11767784036691609
281.59,100224647,2020-04-20,-1.02,-0.36092,-0.13322251977714172
273.04,126385698,2020-04-21,-3.69,-1.33,-0.1595407393726721
279.1,93524584,2020-04-22,0.75,0.26944,-0.14088712408040138
279.08,104709693,2020-04-23,-1.41,-0.50269,-0.14094868716717457
282.97,85165953,2020-04-24,2.24,0.79792,-0.12897466678979275
287.05,77896608,2020-04-27,1.93,0.67691,-0.11641579708806593
285.73,105283871,2020-04-28,-5.29,-1.82,-0.12047896081509524
293.21,118745579,2020-04-29,1.68,0.57627,-0.0974543663619295
290.48,122901701,2020-04-30,-1.23,-0.42165,-0.10585772770646718
282.79,125180028,2020-05-01,-2.52,-0.88325,-0.1295287345707513
283.57,80873213,2020-05-04,2.83,1.01,-0.1271277741865977
286.19,79569938,2020-05-05,-0.45,-0.15699,-0.1190630098193124
284.25,73632628,2020-05-06,-3.79,-1.32,-0.12503462923630992
287.68,75250412,2020-05-07,-0.07,-0.02432667,-0.11447655985471106
292.44,76622128,2020-05-08,1.35,0.46377,-0.09982454520269646
292.5,79514231,2020-05-11,2.16,0.74396,-0.09963985594237701
286.67,95870786,2020-05-12,-7.12,-2.42,-0.11758549573675625
281.6,144721099,2020-05-13,-4.46,-1.56,-0.13319173823375496
284.97,121977890,2020-05-14,6.02,2.16,-0.12281835811247566
286.28,111146276,2020-05-15,3.91,1.38,-0.11878597592883322
295.0,120320229,2020-05-18,1.95,0.66542,-0.09194447009573059
291.97,95189316,2020-05-19,-2.38,-0.80856,-0.10127127774186595
296.93,85861691,2020-05-20,1.11,0.37523,-0.0860036322221196
294.88,78293925,2020-05-21,-1.91,-0.64355,-0.0923138486163696
295.44,63958200,2020-05-22,0.87,0.29535,-0.09059008218672082
299.08,88951442,2020-05-26,-2.85,-0.94393,-0.07938560039400377
303.53,104817449,2020-05-27,1.41,0.4667,-0.0656878135869734
302.97,90767807,2020-05-28,-1.68,-0.55145,-0.06741158001662195
304.32,119265702,2020-05-29,1.86,0.61496,-0.06325607165943303
305.55,56779836,2020-06-01,1.93,0.63566,-0.05946994182288301
308.08,74267162,2020-06-02,1.53,0.4991,-0.05168221134607698
312.18,92567574,2020-06-03,1.94,0.62532,-0.039061778557576865
311.36,75794363,2020-06-04,0.25,0.08035743,-0.04158586511527684
319.34,150524674,2020-06-05,2.11,0.66513,-0.01702219349278178
323.2,73641217,2020-06-08,2.98,0.93061,-0.005140517745559792
320.79,77479228,2020-06-09,0.49,0.15298,-0.012558869701726816
319.0,95000766,2020-06-10,-2.42,-0.75291,-0.018068765967925615
300.61,209243560,2020-06-11,-10.85,-3.48,-0.07467602425585618
304.21,194678879,2020-06-12,-4.03,-1.31,-0.0635946686366855
307.05,135782724,2020-06-15,9.03,3.03,-0.05485271031489514
312.96,137627502,2020-06-16,-2.52,-0.79878,-0.03666081817342326
311.66,83398944,2020-06-17,-2.41,-0.76734,-0.04066241881367927
311.78,80828658,2020-06-18,1.77,0.57095,-0.04029304029304037
308.64,135549624,2020-06-19,-5.53,-1.76,-0.0499584449164282
310.62,74649389,2020-06-22,2.63,0.85392,-0.04386369932588419
312.05,68471246,2020-06-23,-1.44,-0.45934,-0.03946193862160241
304.09,132813492,2020-06-24,-5.75,-1.86,-0.06396404715732451
307.35,89467968,2020-06-25,3.88,1.28,-0.05392926401329756
300.05,127961017,2020-06-26,-6.11,-2.0,-0.07639979068550495
304.46,79773260,2020-06-29,3.05,1.01,-0.06282513005202084
308.36,113394772,2020-06-30,4.37,1.44,-0.05082032813125248
310.52,72396542,2020-07-01,0.95,0.30688,-0.04417151475975012
312.23,69344217,2020-07-02,-2.01,-0.63964,-0.038907870840643954
317.05,61713828,2020-07-06,0.68,0.21494,-0.024071166928309795
313.78,82909963,2020-07-07,-1.6,-0.50732,-0.03413673161572328
316.18,54638596,2020-07-08,1.57,0.49903,-0.026749161202942684
314.38,83354158,2020-07-09,-2.46,-0.77642,-0.03228983901252813
317.59,57550365,2020-07-10,3.28,1.04,-0.022408963585434316
314.84,102997484,2020-07-13,-5.29,-1.65,-0.030873888016745288
318.92,93656951,2020-07-14,5.62,1.79,-0.01831501831501825
321.85,87196524,2020-07-15,-0.56,-0.17369,-0.009296026102748711
320.79,54622520,2020-07-16,1.0,0.31271,-0.012558869701726816
321.72,62774911,2020-07-17,-0.16,-0.04970797,-0.009696186166774368
324.32,56308749,2020-07-20,2.89,0.89911,-0.0016929848862622388
325.01,57498967,2020-07-21,-1.44,-0.44111,0.0004309416074121941
326.86,57792915,2020-07-22,2.24,0.69004,0.006125527133930442
322.96,75737989,2020-07-23,-3.51,-1.08,-0.005879274786837918
320.88,73766597,2020-07-24,-0.07,-0.02181025,-0.012281835811247643
323.22,48292970,2020-07-27,1.59,0.49436,-0.005078954658786494
321.17,57494979,2020-07-28,-1.26,-0.39078,-0.011389171053036606
325.12,48454159,2020-07-29,3.0,0.93133,0.0007695385846646641
323.96,61861714,2020-07-30,2.06,0.63995,-0.0028011204481793728
326.52,85210755,2020-07-31,0.62,0.19024,0.005078954658786605
328.79,53077948,2020-08-03,0.47,0.14315,0.012066365007541435
330.06,41917893,2020-08-04,2.2,0.67102,0.01597562101763783
332.11,42866354,2020-08-05,0.64,0.19308,0.022285837411887943
334.33,43679447,2020-08-06,2.85,0.85978,0.02911934004370975
334.57,57308270,2020-08-07,1.29,0.38706,0.029858097084987767
335.57,44282089,2020-08-10,0.51,0.15221,0.03293625142364642
332.8,69600882,2020-08-11,-4.05,-1.2,0.024409763905562265
337.44,53826128,2020-08-12,2.0,0.59623,0.038692400036937746
336.83,41816146,2020-08-13,0.22,0.06535754,0.03681472589035617
336.84,47260390,2020-08-14,0.43,0.12782,0.0368455074337426
337.91,35480974,2020-08-17,-0.03,-0.00887732,0.04013913257610735
338.64,38733908,2020-08-18,0.3,0.0886682,0.042386185243328045
337.23,68054244,2020-08-19,-1.82,-0.53679,0.03804598762581968
338.28,42207826,2020-08-20,2.92,0.87071,0.04127804968141091
339.48,55106628,2020-08-21,1.56,0.46165,0.04497183488780121
342.92,48588662,2020-08-24,0.8,0.23384,0.055560685812786614
344.12,38463381,2020-08-25,0.59,0.17175,0.05925447101917691
347.57,50790237,2020-08-26,2.81,0.81506,0.06987410348754874
348.33,58034142,2020-08-27,-0.18,-0.05164845,0.07221350078492939
350.58,48588940,2020-08-28,1.14,0.32624,0.07913934804691092
349.31,66099183,2020-08-31,-1.04,-0.29685,0.07523009203681474
352.6,54999325,2020-09-01,2.39,0.68245,0.0853572198110013
357.7,69540035,2020-09-02,3.03,0.85432,0.10105580693815974
345.39,148011129,2020-09-03,-10.48,-2.94,0.06316372702927309
342.57,139156281,2020-09-04,-3.56,-1.03,0.05448333179425613
333.21,114465322,2020-09-08,-3.5,-1.04,0.0256718071844122
339.79,91462290,2020-09-09,2.24,0.66361,0.045926062732785544
333.89,90569548,2020-09-10,-7.93,-2.32,0.027764952134699872
334.06,84680194,2020-09-11,-1.76,-0.52409,0.028288238372272012
338.46,65605686,2020-09-14,0.97,0.28742,0.04183211746236948
340.17,52920862,2020-09-15,-0.95,-0.27849,0.047095761381475754
338.82,82211256,2020-09-16,-2.69,-0.78768,0.04294025302428661
335.84,91523339,2020-09-17,2.28,0.68354,0.03376735309508416
330.65,105877942,2020-09-18,-4.72,-1.41,0.01779173207744633
326.97,99450829,2020-09-21,1.27,0.38993,0.006464124111182912
330.3,63612107,2020-09-22,1.73,0.52652,0.016714378058915846
322.64,93112240,2020-09-23,-8.26,-2.5,-0.006864284175208568
323.5,76681332,2020-09-24,2.28,0.70979,-0.004217071443962217
328.73,71069426,2020-09-25,6.15,1.91,0.011881675747221987
334.19,64584614,2020-09-28,0.97,0.2911,0.028688398436297557
332.37,51531594,2020-09-29,-1.6,-0.47908,0.023086157539939034
334.89,104081136,2020-09-30,1.8,0.54039,0.030843106473358528
337.04,88698745,2020-10-01,-0.65,-0.19248,0.03746113830147446
333.84,89431112,2020-10-02,2.14,0.64516,0.027611044417767072
339.76,45713108,2020-10-05,3.7,1.1,0.0458337181026256
334.93,90128883,2020-10-06,-4.98,-1.47,0.0309662326469049
340.76,56999597,2020-10-07,2.64,0.78079,0.048911872441284254
343.78,45242476,2020-10-08,0.93,0.27126,0.058207898544032854
346.85,59528606,2020-10-09,1.29,0.37331,0.0676578323637147
352.43,80388533,2020-10-12,2.84,0.81238,0.08483393357342939
350.13,73255513,2020-10-13,-2.15,-0.61031,0.07775417859451461
347.93,57958749,2020-10-14,-2.82,-0.80399,0.07098223904946588
347.5,60357659,2020-10-15,3.79,1.1,0.06965863268384265
347.29,89501868,2020-10-16,-1.67,-0.47856,0.06901222027272458
342.01,68425614,2020-10-19,-6.64,-1.9,0.05275956536460735
343.38,60051880,2020-10-20,-0.08,-0.02329238,0.05697663680856957
342.73,63574979,2020-10-21,-0.6,-0.17476,0.05497583648844162
344.61,55399292,2020-10-22,1.65,0.48111,0.06076276664511959
345.78,49143511,2020-10-23,-0.15,-0.04336137,0.06436420722134994
339.39,91473002,2020-10-26,-2.74,-0.80087,0.04469480099732204
338.22,65994108,2020-10-27,-1.54,-0.45326,0.041093360421091685
326.66,127094307,2020-10-28,-5.44,-1.64,0.005509896266198799
329.98,90596689,2020-10-29,3.07,0.9391,0.015729368670545085
326.54,120448685,2020-10-30,-1.74,-0.53004,0.005140517745559903
330.2,86068299,2020-11-02,0.0,0.0,0.016406562625050025
336.03,93294192,2020-11-03,2.34,0.70125,0.034352202419429156
343.54,126959700,2020-11-04,2.68,0.78625,0.05746914150275506
350.24,82039749,2020-11-05,1.0,0.28634,0.07809277557176708
350.16,74972973,2020-11-06,0.23,0.06572743,0.07784652322467456
354.56,172304203,2020-11-09,-9.41,-2.59,0.09139040231477202
354.04,85552022,2020-11-10,0.55,0.15559,0.08978976205866962
356.67,58649048,2020-11-11,0.27,0.07575758,0.09788530796934158
353.21,68118563,2020-11-12,-2.37,-0.66652,0.08723489395758288
358.1,62959429,2020-11-13,2.83,0.79658,0.10228706867362325
362.57,74541138,2020-11-16,1.59,0.44047,0.11604641856742703
360.62,66111009,2020-11-17,0.65,0.18057,0.11004401760704274
356.28,70591299,2020-11-18,-4.63,-1.28,0.09668482777726473
357.78,59940947,2020-11-19,2.18,0.61305,0.10130205928525249
355.33,70411890,2020-11-20,-2.17,-0.60699,0.09376058115553909
357.46,63230608,2020-11-23,0.18,0.05038065,0.10031704989688173
363.22,62415877,2020-11-24,3.01,0.83562,0.11804721888755498
362.66,45330890,2020-11-25,-0.47,-0.12943,0.1163234524579062
363.67,28514072,2020-11-27,-0.17,-0.04672383,0.11943238833995129
362.06,83872709,2020-11-30,-0.77,-0.21222,0.11447655985471106
366.02,74504969,2020-12-01,0.45,0.1231,0.12666605103579887
366.79,45927000,2020-12-02,1.97,0.53999,0.12903622987656616
366.69,62881998,2020-12-03,0.01,0.00272717,0.1287284144427001
369.85,50749859,2020-12-04,2.53,0.68877,0.13845538215286113
369.09,48944269,2020-12-07,0.07,0.01896916,0.1361159848554805
370.17,42458859,2020-12-08,2.45,0.66627,0.1394403915412319
366.85,74098312,2020-12-09,-4.03,-1.09,0.1292209191368856
366.73,57735353,2020-12-10,1.36,0.37223,0.12885154061624648
366.3,57698614,2020-12-11,1.4,0.38367,0.12752793425062325
364.66,69216174,2020-12-14,-3.98,-1.08,0.1224797611352233
369.59,64071099,2020-12-15,2.19,0.59608,0.13765506202480982
370.17,58420517,2020-12-16,0.35,0.09464064,0.1394403915412319
372.24,64119472,2020-12-17,0.3,0.08065817,0.14581217102225508
369.18,136542328,2020-12-18,-1.79,-0.48252,0.13639301874595988
367.86,96386745,2020-12-21,2.89,0.79185,0.1323298550189307
367.24,48388462,2020-12-22,-0.97,-0.26344,0.13042139932896246
367.57,46201402,2020-12-23,-0.71,-0.19279,0.13143719026071965
369.0,26457853,2020-12-24,0.92,0.24995,0.13583895096500131
372.17,39000402,2020-12-28,0.43,0.11567,0.14559670021854898
371.46,53680451,2020-12-29,-2.35,-0.62866,0.14341121063810136
371.99,49455259,2020-12-30,-0.35,-0.09400011,0.1450426324375904
373.88,78520702,2020-12-31,2.1,0.56485,0.15086034413765503
368.79,110210810,2021-01-04,-6.52,-1.74,0.13519253855388325
371.33,66426229,2021-01-05,3.23,0.87748,0.14301105057407582
373.55,107997675,2021-01-06,3.84,1.04,0.14984455320589785
379.1,68766812,2021-01-07,3.0,0.79766,0.1669283097854526
381.26,71677208,2021-01-08,0.67,0.17604,0.17357712315695495
378.69,51176719,2021-01-11,0.84,0.22231,0.16566626650660266
378.77,52547716,2021-01-12,-0.12,-0.03167146,0.16591251885369518
379.79,45303619,2021-01-13,1.1,0.29048,0.16905223627912713
378.46,49989113,2021-01-14,-2.13,-0.55966,0.16495829100871107
375.7,107159962,2021-01-15,-1.02,-0.27076,0.15646258503401356
378.65,51229172,2021-01-19,0.31,0.08193688,0.16554314033305628
383.89,61836062,2021-01-20,2.78,0.72945,0.1816726690676269
384.24,47955809,2021-01-21,-0.25,-0.0650212,0.18275002308615762
382.88,52136931,2021-01-22,0.63,0.16481,0.17856373318558183
384.39,70401971,2021-01-25,0.72,0.18766,0.18321174623695624
383.79,42665281,2021-01-26,-1.62,-0.42033,0.1813648536337613
374.41,123351078,2021-01-27,-5.81,-1.53,0.15249176593714409
377.63,94198104,2021-01-28,1.27,0.33744,0.16240342290762455
370.07,126765121,2021-01-29,-5.56,-1.48,0.13913257610736607
376.23,75817597,2021-02-01,2.51,0.67163,0.1580940068335026
381.55,64450662,2021-02-02,1.9,0.50046,0.17446978791516599
381.85,52427090,2021-02-03,-0.585,-0.15427,0.17539323421676367
386.19,47142555,2021-02-04,3.23,0.84343,0.1887524240465417
387.71,48669773,2021-02-05,-0.49,-0.12622,0.19343121864130253
390.51,38365185,2021-02-08,1.24,0.31854,0.20205005078954663
390.25,35551059,2021-02-09,0.64,0.16427,0.20124973066149532
390.08,59154370,2021-02-10,-2.04,-0.52025,0.2007264444239234
390.71,42913288,2021-02-11,-0.53,-0.13547,0.20266568165727827
392.64,50593270,2021-02-12,2.79,0.71566,0.20860651953088927
392.3,50972366,2021-02-16,-1.66,-0.42136,0.20755994705574543
392.39,52806681,2021-02-17,1.97,0.50458,0.2078369809462246
390.72,59712773,2021-02-18,1.13,0.29005,0.20269646320066492
390.03,83240971,2021-02-19,-2.04,-0.52032,0.20057253670699038
387.03,67413570,2021-02-22,-0.03,-0.00775074,0.19133807369101485
387.5,107284127,2021-02-23,2.84,0.73831,0.19278480623018446
391.77,72433946,2021-02-24,5.44,1.41,0.20592852525625638
382.33,146670499,2021-02-25,-8.08,-2.07,0.1768707482993197
380.36,152701639,2021-02-26,-3.99,-1.04,0.17080678425216234
389.58,105348798,2021-03-01,3.99,1.03,0.19918736725459407
386.54,79595332,2021-03-02,-3.28,-0.84141,0.18982977806507217
381.42,119940211,2021-03-03,-4.37,-1.13,0.17406962785114044
376.7,183433020,2021-03-04,-4.52,-1.19,0.159540739372672
383.63,152039624,2021-03-05,3.17,0.8332,0.18087234893957582
381.72,123149245,2021-03-08,-2.94,-0.76431,0.17499307415273813
387.17,113633556,2021-03-09,1.32,0.3421,0.19176901529842705
389.58,109899410,2021-03-10,-0.11,-0.02822757,0.19918736725459407
393.53,86245040,2021-03-11,1.3,0.33144,0.21134607689229523
394.06,64653565,2021-03-12,1.99,0.50756,0.2129774986917845
396.41,73592302,2021-03-15,2.08,0.52748,0.22021116138763208
395.91,73722506,2021-03-16,-1.16,-0.29214,0.21867208421830275
397.26,97959265,2021-03-17,2.73,0.69196,0.22282759257549167
391.48,115349101,2021-03-18,-3.0,-0.76049,0.20503586049804534
389.48,113624490,2021-03-19,-0.4,-0.1026,0.19887955182072825
392.59,73778646,2021-03-22,2.56,0.65636,0.20845261181395625
389.5,90686552,2021-03-23,-2.41,-0.61494,0.19894111490750155
387.52,97588644,2021-03-24,-3.48,-0.89003,0.19284636931695753
389.7,116128622,2021-03-25,3.72,0.96378,0.1995567457752332
395.98,114409114,2021-03-26,5.05,1.29,0.21888755502200885
395.78,108107626,2021-03-29,1.38,0.3499,0.218271924154277
394.73,76262249,2021-03-30,0.31,0.07859642,0.21503986209868575
396.33,112734214,2021-03-31,0.99,0.25042,0.21996490904053934
400.61,99682876,2021-04-01,2.21,0.55472,0.2331394096099979
406.36,91684764,2021-04-05,2.9,0.71878,0.2508387970572845
406.12,62020953,2021-04-06,0.36,0.0887224,0.2501000400160065
406.59,55836280,2021-04-07,0.65,0.16012,0.2515467725551759
408.52,57863114,2021-04-08,0.59,0.14463,0.2574876104287869
411.49,61104559,2021-04-09,3.1,0.75908,0.2666297288146027
411.64,56704899,2021-04-12,0.79,0.19228,0.2670914519654015
412.86,56550988,2021-04-13,1.33,0.32318,0.2708468002585649
411.45,61658197,2021-04-14,-1.38,-0.33428,0.2665066026410563
415.87,60229842,2021-04-15,2.13,0.51482,0.28011204481792706
417.26,82037278,2021-04-16,0.01,0.00239664,0.2843906793486626
415.21,78498496,2021-04-19,-1.05,-0.25225,0.27808046295441247
412.17,81851828,2021-04-20,-1.74,-0.42038,0.26872287376489057
416.07,66792024,2021-04-21,4.56,1.11,0.28072767568565893
412.27,97582788,2021-04-22,-3.62,-0.87042,0.2690306891987564
416.74,73276195,2021-04-23,3.87,0.93734,0.2827900390925602
417.61,52182392,2021-04-26,0.17,0.04072442,0.28546803336719306
417.52,51302156,2021-04-27,-0.41,-0.09810255,0.28519099947671367
417.4,51238854,2021-04-28,-0.41,-0.09813073,0.28482162095607455
420.06,78544329,2021-04-29,-0.26,-0.06185763,0.29300951149690646
417.3,85527030,2021-04-30,-0.33,-0.07901731,0.28451380552220895
418.2,68128289,2021-05-03,-1.23,-0.29326,0.28728414442700156
415.62,101591166,2021-05-04,-0.45,-0.10815,0.2793425062332626
415.75,39960661,2021-05-05,-1.63,-0.39053,0.27974266629728817
419.07,74321368,2021-05-06,3.24,0.77916,0.28996213870163445
422.12,67733790,2021-05-07,2.23,0.53109,0.299350509434543
417.94,81852446,2021-05-10,-4.56,-1.08,0.28648382429895025
414.21,116887975,2021-05-11,1.11,0.2687,0.2750023086157538
405.41,134811046,2021-05-12,-5.82,-1.42,0.24791455043555888
410.28,106393963,2021-05-13,3.21,0.78856,0.2629051620648257
416.58,82201629,2021-05-14,3.37,0.81557,0.2822975343983747
415.52,65129221,2021-05-17,0.13,0.03129589,0.2790346907993966
411.94,59810238,2021-05-18,-3.86,-0.92833,0.268014898266999
410.86,106467052,2021-05-19,3.94,0.96825,0.2646904915812478
415.28,78022218,2021-05-20,3.48,0.84507,0.27829593375811856
414.94,76578662,2021-05-21,-1.93,-0.46297,0.2772493612829747
419.17,51376702,2021-05-24,1.83,0.43849,0.2902699541355003
418.24,57451396,2021-05-25,-2.09,-0.49723,0.28740727060054794
419.07,43088618,2021-05-26,0.2,0.04774751,0.28996213870163445
419.29,56707677,2021-05-27,-0.88,-0.20944,0.2906393326561394
420.04,58520164,2021-05-28,-0.93,-0.22092,0.2929479484101334
419.67,54216625,2021-06-01,-2.9,-0.68628,0.2918090313048296
420.33,49097061,2021-06-02,-0.04,-0.00951543,0.2938406131683442
418.77,58138763,2021-06-03,0.92,0.22017,0.28903869240003677
422.6,55938789,2021-06-04,1.85,0.43969,0.30082802351709925
422.19,51555032,2021-06-07,-0.4,-0.09465439,0.2995659802382491
422.28,47134279,2021-06-08,-0.83,-0.19617,0.29984301412872827
421.65,48436342,2021-06-09,-1.53,-0.36155,0.2979037768953734
423.61,51020147,2021-06-10,0.65,0.15368,0.30393695939914434
424.31,45570828,2021-06-11,0.11,0.02593116,0.3060916674362053
425.26,42358478,2021-06-14,0.83,0.19556,0.3090159140579307
424.48,51508508,2021-06-15,-0.94,-0.22096,0.3066149536737772
422.11,80386082,2021-06-16,-2.52,-0.59346,0.2993197278911566
421.97,90949659,2021-06-17,0.3,0.07114568,0.2988887862837444
414.92,118676302,2021-06-18,-2.17,-0.52027,0.27718779819620165
420.86,72822028,2021-06-21,4.06,0.97409,0.29547203496783325
423.11,57700303,2021-06-22,2.26,0.53701,0.302397882229815
422.6,49445414,2021-06-23,-0.59,-0.13942,0.30082802351709925
425.1,45110288,2021-06-24,0.21,0.04942456,0.30852340936374545
426.61,58129525,2021-06-25,0.71,0.16671,0.31317142241511986
427.47,53159581,2021-06-28,0.3,0.07022965,0.3158186351463663
427.7,35970515,2021-06-29,-0.18,-0.04206787,0.3165266106442577
428.06,64827858,2021-06-30,0.85,0.19897,0.3176347462061748
430.43,53441027,2021-07-01,1.56,0.36375,0.3249299719887955
433.72,57697668,2021-07-02,2.05,0.4749,0.33505709976298226
432.93,68710419,2021-07-06,-0.85,-0.19595,0.3326253578354419
434.46,63549456,2021-07-07,0.8,0.18448,0.3373349339735894
430.92,97595232,2021-07-08,2.14,0.49909,0.32643826761473815
435.52,76238584,2021-07-09,2.99,0.69128,0.3405977775725675
437.08,52889585,2021-07-12,1.65,0.37894,0.3453996983408747
435.59,52911312,2021-07-13,-0.65,-0.149,0.3408132483762736
436.24,64130352,2021-07-14,-1.16,-0.2652,0.34281404869640175
434.75,55126358,2021-07-15,-0.06,-0.01379913,0.3382275987318004
431.34,75874662,2021-07-16,-4.67,-1.07,0.32773109243697474
424.97,147987000,2021-07-19,-1.22,-0.28626,0.3081232492997199
431.06,99608174,2021-07-20,5.38,1.26,0.32686920922215035
434.55,64724389,2021-07-21,2.21,0.51117,0.3376119678640688
435.46,47878539,2021-07-22,0.72,0.16562,0.3404130883122478
439.94,63766637,2021-07-23,2.42,0.55312,0.35420321974943825
441.02,43719187,2021-07-26,1.71,0.38925,0.3575276264351894
439.01,67397137,2021-07-27,-0.9,-0.20459,0.3513405362144857
438.83,52472360,2021-07-28,-0.85,-0.19332,0.3507864684335271
440.65,47435342,2021-07-29,0.835,0.18871,0.35638870932988564
438.51,68951202,2021-07-30,0.6,0.13701,0.3498014590451566
437.59,58783297,2021-08-02,-2.75,-0.62452,0.34696955705359067
441.15,58053896,2021-08-03,2.71,0.6181,0.357927786499215
438.98,46732212,2021-08-04,-0.8,-0.18191,0.3512481915843262
441.76,38969659,2021-08-05,1.54,0.34983,0.35980546064579677
442.49,46930008,2021-08-06,0.39,0.08821534,0.36205251331301747
442.13,41222585,2021-08-09,-0.33,-0.07458301,0.36094437775110033
442.68,43339275,2021-08-10,0.07,0.01581528,0.3626373626373627
443.78,44034340,2021-08-11,-0.04,-0.00901266,0.36602333240988694
445.11,38942418,2021-08-12,1.49,0.33587,0.370117277680303
445.92,39470251,2021-08-13,0.33,0.07405911,0.37261058269461644
446.97,73930864,2021-08-16,2.44,0.54889,0.3758426447502079
444.04,92673933,2021-08-17,-0.2,-0.04502071,0.36682365253793825
439.18,89351931,2021-08-18,-3.78,-0.85335,0.35186382245205783
439.86,92812246,2021-08-19,3.59,0.82288,0.3539569674023455
443.36,72008712,2021-08-20,3.13,0.71099,0.3647305075876506
447.26,54973038,2021-08-23,2.1,0.47174,0.3767353095084187
447.97,38744714,2021-08-24,0.0,0.0,0.37892079908886633
448.91,40529711,2021-08-25,0.74,0.16512,0.3818142641672053
446.26,57829572,2021-08-26,-2.35,-0.52384,0.37365715516976006
450.25,77235113,2021-08-27,3.13,0.70004,0.3859389909810078
452.23,48357355,2021-08-30,1.26,0.2794,0.3920337365715518
451.56,59300213,2021-08-31,-0.57,-0.12607,0.38997137316465036
451.8,48721378,2021-09-01,-0.76,-0.16793,0.3907101302059286
453.19,42830867,2021-09-02,-0.13,-0.02867731,0.3949887647366639
453.08,47234364,2021-09-03,1.1,0.24337,0.3946501677594114
451.46,51671534,2021-09-07,-1.25,-0.27611,0.38966355773078454
450.91,56181907,2021-09-08,0.02,0.00443567,0.3879705728445224
448.98,57970407,2021-09-09,-1.72,-0.38163,0.3820297349709114
445.44,89948174,2021-09-10,-5.6,-1.24,0.3711330686120602
446.58,83738649,2021-09-13,-2.06,-0.45917,0.3746421645581308
444.17,78197140,2021-09-14,-3.95,-0.88146,0.3672238126019638
447.88,78792222,2021-09-15,3.26,0.73321,0.37864376519838694
447.17,77786735,2021-09-16,-0.15,-0.03353304,0.37645827561793954
441.4,118425037,2021-09-17,-3.52,-0.79115,0.35869732508387964
434.04,166445534,2021-09-20,-0.84,-0.19316,0.3360421091513528
433.63,92526112,2021-09-21,-2.9,-0.66433,0.33478006587250286
437.86,102350143,2021-09-22,1.81,0.41509,0.3478006587250284
443.18,76395981,2021-09-23,3.33,0.75708,0.364176439806692
443.91,62094837,2021-09-24,2.47,0.55953,0.3664234924739127
442.64,61371108,2021-09-27,-0.17,-0.03839118,0.3625142364638163
433.72,130436306,2021-09-28,-5.97,-1.36,0.33505709976298226
434.45,82329213,2021-09-29,-0.74,-0.17004,0.33730415243020273
429.14,140505979,2021-09-30,-6.88,-1.58,0.320959152891926
434.24,129240106,2021-10-01,3.26,0.75642,0.33665774001908466
428.64,128569957,2021-10-04,-4.36,-1.01,0.3194200757225967
433.1,90682520,2021-10-05,2.86,0.66475,0.3331486440730138
434.9,113032245,2021-10-06,5.63,1.31,0.33868932188259904
438.66,72437499,2021-10-07,0.27,0.061589,0.3502631821959554
437.86,74557404,2021-10-08,-1.62,-0.36862,0.3478006587250284
434.69,65233285,2021-10-11,-2.47,-0.56501,0.33804290947148097
433.62,71181163,2021-10-12,-2.05,-0.47054,0.3347492843291162
435.18,72973979,2021-10-13,0.47,0.10812,0.33955120509742365
442.5,70236825,2021-10-14,3.42,0.7789,0.3620832948564041
445.87,66260210,2021-10-15,1.12,0.25183,0.3724566749776834
447.19,62213228,2021-10-18,3.22,0.72527,0.3765198387047126
450.64,46996827,2021-10-19,1.72,0.38314,0.38713947117308445
452.41,49571569,2021-10-20,1.28,0.28373,0.3925878043525104
453.59,41305438,2021-10-21,1.82,0.40286,0.3962200264721272
453.12,58845088,2021-10-22,-0.01,-0.00220687,0.3947732939329578
455.55,45214507,2021-10-25,1.27,0.27956,0.4022532089758981
455.96,56075116,2021-10-26,-1.24,-0.27122,0.40351525225474805
453.94,72437997,2021-10-27,-2.51,-0.5499,0.3972973804906579
458.32,51437944,2021-10-28,2.86,0.62794,0.41077969649398227
459.25,70162424,2021-10-29,3.38,0.74144,0.4136423800289346
460.04,48433642,2021-11-01,-0.26,-0.0564849,0.416074121956475
461.9,48908417,2021-11-02,1.68,0.36504,0.42179948902637965
464.72,52509825,2021-11-03,3.42,0.74138,0.43047988426139683
466.91,52847087,2021-11-04,1.55,0.33308,0.43722104226305913
468.53,66390563,2021-11-05,-0.75,-0.15982,0.4422076522916858
468.93,50405194,2021-11-08,-0.77,-0.16393,0.4434389140271493
467.38,51149147,2021-11-09,-1.94,-0.41336,0.4386677748022285
463.62,69429653,2021-11-10,-1.96,-0.42098,0.4270939144888726
463.77,34848495,2021-11-11,-1.44,-0.30954,0.4275556376396712
467.27,53466654,2021-11-12,2.15,0.46225,0.43832917782497605
467.43,46980500,2021-11-15,-1.21,-0.25819,0.43882168251916154
469.28,48857502,2021-11-16,2.13,0.45596,0.4445162680456798
468.14,47858289,2021-11-17,-0.86,-0.18337,0.44100717209960894
469.73,50625607,2021-11-18,0.49,0.10442,0.4459014374980761
468.89,57315573,2021-11-19,-0.72,-0.15332,0.4433157878536029
467.57,72761954,2021-11-22,-3.32,-0.70505,0.43925262412657373
468.19,73206538,2021-11-23,0.97,0.20761,0.44116107981654196
469.44,61858813,2021-11-24,3.38,0.72523,0.44500877273986506
458.97,112669636,2021-11-26,-3.37,-0.7289,0.4127804968141102
464.6,86268818,2021-11-29,0.53,0.11421,0.43011050574075793
455.56,148559598,2021-11-30,-6.44,-1.39,0.40228399051928454
450.5,132485835,2021-12-01,-11.14,-2.41,0.3867085295656725
457.4,127637758,2021-12-02,6.67,1.48,0.40794779450241636
453.42,137331647,2021-12-03,-5.75,-1.25,0.3956967402345555
458.79,98977532,2021-12-06,2.66,0.58317,0.4122264290331519
468.28,95484688,2021-12-07,3.87,0.83332,0.44143811370702113
469.52,72238777,2021-12-08,0.82,0.17495,0.4452550250869578
466.35,61272568,2021-12-09,-1.8,-0.38449,0.43549727583341036
470.74,77159757,2021-12-10,1.51,0.3218,0.4490103733801214
466.57,87724680,2021-12-13,-3.62,-0.7699,0.4361744697879151
463.36,97264128,2021-12-14,0.27,0.058304,0.42629359436082126
470.6,116899251,2021-12-15,7.18,1.55,0.4485794317727092
466.45,116568626,2021-12-16,-6.12,-1.3,0.4358050912672762
459.87,135636510,2021-12-17,-1.68,-0.36399,0.41555083571890283
454.98,107134822,2021-12-20,0.5,0.11002,0.4004986610028627
463.06,69806260,2021-12-21,4.45,0.97032,0.4253701480592236
467.69,58890223,2021-12-22,4.9,1.06,0.43962200264721263
470.6,56439745,2021-12-23,1.85,0.39467,0.4485794317727092
477.26,56808619,2021-12-27,5.2,1.1,0.46907993966817485
476.87,47274585,2021-12-28,-0.85,-0.17793,0.4678794594760982
477.48,54502964,2021-12-29,0.5,0.10483,0.4697571336226798
476.16,55329041,2021-12-30,-1.77,-0.37035,0.4656939698956506
474.96,65237431,2021-12-31,-0.68,-0.14297,0.4620001846892603
477.71,72668233,2022-01-03,1.41,0.29603,0.47046510912057116
477.55,71178678,2022-01-04,-1.67,-0.34848,0.4699726044263859
468.38,104538940,2022-01-05,-8.78,-1.84,0.4417459291408872
467.94,86858900,2022-01-06,0.05,0.01068627,0.4403915412318773
466.09,85111593,2022-01-07,-1.86,-0.39748,0.43469695570535904
465.51,119361989,2022-01-10,2.81,0.6073,0.43291162618893697
469.75,74303062,2022-01-11,4.52,0.97156,0.4459630005848494
471.02,67605444,2022-01-12,-0.57,-0.12087,0.44987225659494556
464.53,91173121,2022-01-13,-7.66,-1.62,0.4298950349370516
464.72,95890948,2022-01-14,3.53,0.76541,0.43047988426139683
456.49,109872376,2022-01-18,-3.25,-0.70692,0.4051466740542371
451.75,109357569,2022-01-19,-6.38,-1.39,0.3905562224889956
446.75,122379696,2022-01-20,-7.0,-1.54,0.37516545079570296
437.98,202271241,2022-01-21,-7.58,-1.7,0.34817003724566753
439.84,252496719,2022-01-24,7.81,1.81,0.3538954043155722
434.47,167997325,2022-01-25,1.41,0.32559,0.33736571551697603
433.38,186391088,2022-01-26,-7.34,-1.67,0.3340105272878382
431.24,149878307,2022-01-27,-7.02,-1.6,0.3274232770031089
441.95,164457370,2022-01-28,9.27,2.14,0.36039030997014176
449.91,152251425,2022-01-31,8.67,1.96,0.384892418505864
452.95,123155382,2022-02-01,2.27,0.50368,0.3942500076953859
457.35,117360953,2022-02-02,1.85,0.40615,0.40779388678548356
446.6,118024442,2022-02-03,-4.35,-0.96463,0.3747037276449041
448.7,118454352,2022-02-04,2.35,0.52649,0.38116785175608703
447.26,84472859,2022-02-07,-2.25,-0.50055,0.3767353095084187
450.94,81012036,2022-02-08,4.21,0.9424,0.38806291747468213
457.54,92589929,2022-02-09,2.32,0.50964,0.40837873610982856
449.32,140103712,2022-02-10,-2.02,-0.44756,0.38307630744605525
440.46,153214597,2022-02-11,-8.95,-1.99,0.35580386000554065
439.02,123006262,2022-02-14,-0.9,-0.20458,0.35137131775787234
446.1,88659503,2022-02-15,2.37,0.53411,0.3731646504755748
446.6,84863585,2022-02-16,2.67,0.60145,0.3747037276449041
437.06,102259108,2022-02-17,-6.16,-1.39,0.3453381352541016
434.23,132642896,2022-02-18,-3.1,-0.70885,0.336626958475698
429.57,124391830,2022-02-22,-2.32,-0.53717,0.32228275925754923
421.95,132578005,2022-02-23,-10.71,-2.48,0.2988272231969711
428.3,213942946,2022-02-24,17.28,4.2,0.31837350324745284
437.75,121804459,2022-02-25,8.14,1.89,0.34746206174777594
436.63,145615029,2022-02-28,4.6,1.06,0.3440145288884784
429.98,137785908,2022-03-01,-5.06,-1.16,0.32354480253639917
437.89,117726525,2022-03-02,5.52,1.28,0.34789300335518814
435.71,105501715,2022-03-03,-4.76,-1.08,0.3411826268969125
432.17,114083256,2022-03-04,0.42,0.09727852,0.3302859605380615
419.43,137896560,2022-03-07,-12.12,-2.81,0.2910702742635516
416.25,164772744,2022-03-08,-3.37,-0.80311,0.2812817434666175
427.41,116990765,2022-03-09,2.27,0.53394,0.3156339458860469
425.48,93972655,2022-03-10,2.96,0.70056,0.3096931080124359
420.07,95636277,2022-03-11,-8.05,-1.88,0.2930402930402931
417.0,95729188,2022-03-14,-3.89,-0.92423,0.28359035922061127
426.17,106219117,2022-03-15,6.4,1.52,0.3118170345061102
435.62,144954805,2022-03-16,5.73,1.33,0.3409055930064333
441.07,102676870,2022-03-17,7.48,1.73,0.35768153415212245
444.52,106345544,2022-03-18,6.52,1.49,0.3683011666204943
444.39,88349763,2022-03-21,0.05,0.01125264,0.36790100655646873
449.59,74650394,2022-03-22,3.73,0.83659,0.383907409117493
443.8,79426098,2022-03-23,-3.11,-0.69589,0.36608489549666023
450.49,64736892,2022-03-24,4.55,1.02,0.3866777480222858
452.69,77101324,2022-03-25,1.53,0.33913,0.39344968756733456
455.91,68529767,2022-03-28,3.85,0.85166,0.40336134453781525
461.55,86581542,2022-03-29,1.53,0.33259,0.4207221350078494
458.7,79666942,2022-03-30,-1.64,-0.35626,0.4119493951426725
451.64,121699948,2022-03-31,-6.25,-1.36,0.3902176255117431
452.92,89048773,2022-04-01,-0.39,-0.08603384,0.39415766306522615
456.8,59601000,2022-04-04,3.67,0.80992,0.4061009018992212
451.03,74214501,2022-04-05,-4.19,-0.92043,0.3883399513651613
446.52,106897781,2022-04-06,-0.37,-0.08279442,0.37445747529781137
448.77,78097214,2022-04-07,3.18,0.71366,0.3813833225597931
447.57,79272711,2022-04-08,-0.4,-0.08929169,0.3776895373534028
439.92,89770538,2022-04-11,-4.19,-0.94346,0.35414165666266517
438.29,84363635,2022-04-12,-4.79,-1.08,0.34912426509065164
443.31,74070394,2022-04-13,5.28,1.21,0.36457659987071755
437.79,97869451,2022-04-14,-5.76,-1.3,0.3475851879213223
437.97,66002498,2022-04-18,1.16,0.26556,0.3481392557022809
445.04,77821013,2022-04-19,7.18,1.64,0.3699018068765969
444.71,65224449,2022-04-20,-2.21,-0.4945,0.3688860159448395
438.06,85417327,2022-04-21,-10.48,-2.34,0.3484162895927603
426.04,132471772,2022-04-22,-10.87,-2.49,0.31141687444208466
428.51,119647748,2022-04-25,4.84,1.14,0.31901991565857113
416.1,103996312,2022-04-26,-9.73,-2.28,0.28082002031581865
417.27,122029990,2022-04-27,0.03,0.00719011,0.284421460892049
427.81,105449088,2022-04-28,5.52,1.31,0.31686520762151016
412.0,145491009,2022-04-29,-11.59,-2.74,0.26819958752731865
414.48,158312526,2022-05-02,2.41,0.58485,0.27583341028719177
416.38,100028190,2022-05-03,1.37,0.33011,0.28168190353064304
429.06,144247895,2022-05-04,11.98,2.87,0.32071290054483326
413.81,172929106,2022-05-05,-10.74,-2.53,0.2737710468802905
411.34,151770811,2022-05-06,0.24,0.05837996,0.26616800566380383
398.17,155586067,2022-05-09,-6.93,-1.71,0.22562871302367093
399.09,132497200,2022-05-10,-5.4,-1.34,0.22846061501523685
392.75,142360992,2022-05-11,-5.32,-1.34,0.20894511650814174
392.34,125090753,2022-05-12,2.97,0.76277,0.20768307322929158
401.72,104174421,2022-05-13,5.01,1.26,0.2365561609259088
400.09,78622444,2022-05-16,0.11,0.02750138,0.23153876935389528
408.32,83029710,2022-05-17,1.79,0.44031,0.25687197956105523
391.86,117674545,2022-05-18,-11.64,-2.88,0.20620555914673555
389.46,98510715,2022-05-19,0.84,0.21615,0.19881798873395495
389.63,131432197,2022-05-20,-3.62,-0.92053,0.1993412749715271
396.92,76414878,2022-05-23,4.09,1.04,0.22178102010034784
393.89,91448831,2022-05-24,1.33,0.3388,0.21245421245421237
397.37,91472866,2022-05-25,5.06,1.29,0.22316618955274414
405.31,82168339,2022-05-26,6.64,1.67,0.24760673500169306
415.26,84768710,2022-05-27,7.35,1.8,0.2782343706713455
412.93,95936980,2022-05-31,-0.62,-0.14992,0.271062271062271
409.59,86585813,2022-06-01,-5.58,-1.34,0.2607812355711514
417.39,79609633,2022-06-02,7.97,1.95,0.2847908394126881
410.54,71874281,2022-06-03,-1.86,-0.45102,0.26370548219287726
411.79,57508858,2022-06-06,-2.99,-0.72086,0.26755317511620036
415.74,59272373,2022-06-07,7.64,1.87,0.2797118847539015
411.22,64349966,2022-06-08,-2.71,-0.6547,0.26579862714316493
401.44,86289796,2022-06-09,-7.9,-1.93,0.23569427771108442
389.8,132893850,2022-06-10,-5.08,-1.29,0.199864561209099
375.0,170004861,2022-06-13,-4.85,-1.28,0.1543078769969526
373.87,104011831,2022-06-14,-2.98,-0.79077,0.15082956259426838
379.2,125666797,2022-06-15,1.84,0.4876,0.1672361252193184
366.65,134473288,2022-06-16,-3.86,-1.04,0.12860528826915374
365.86,111113904,2022-06-17,0.35,0.09575661,0.1261735463416136
375.07,76811861,2022-06-21,3.18,0.85509,0.15452334780065868
374.39,90059424,2022-06-22,3.77,1.02,0.1524302028503708
378.06,79292135,2022-06-23,1.42,0.37702,0.16372702927324778
390.08,98050333,2022-06-24,8.68,2.28,0.2007264444239234
388.59,66009617,2022-06-27,-2.46,-0.62908,0.19613999445932206
380.65,86689824,2022-06-28,-9.58,-2.45,0.17169944901037337
380.34,65675999,2022-06-29,-0.89,-0.23345,0.17074522116538904
377.25,112508273,2022-06-30,1.01,0.26845,0.16123372425893434
381.24,74839729,2022-07-01,4.68,1.24,0.17351556007018187
381.96,81437965,2022-07-05,6.08,1.62,0.17573183119401592
383.25,70426244,2022-07-06,1.14,0.29834,0.1797026502908856
388.99,64525919,2022-07-07,3.87,1.0,0.19737125619478557
388.67,72397765,2022-07-08,1.4,0.3615,0.1963862468064148
384.23,58366945,2022-07-11,-1.62,-0.41985,0.18271924154277097
380.83,62219178,2022-07-12,-2.82,-0.73504,0.17225351679133194
378.83,84224649,2022-07-13,3.73,0.9944,0.16609720811401485
377.91,89704819,2022-07-14,4.3,1.15,0.16326530612244894
385.13,79060383,2022-07-15,2.58,0.67442,0.18548958044756358
381.95,63203626,2022-07-18,-6.43,-1.66,0.1757010496506295
392.27,78505972,2022-07-19,6.19,1.6,0.20746760242558548
394.77,71843769,2022-07-20,2.3,0.58603,0.2151629882722319
398.79,64903856,2022-07-21,4.63,1.17,0.22753716871363938
395.09,72197332,2022-07-22,-3.83,-0.96009,0.21614799766060266
395.57,53631485,2022-07-25,-0.18,-0.04548326,0.2176255117431587
390.89,52946393,2022-07-26,-2.95,-0.74904,0.20321974943823684
401.04,82342106,2022-07-27,6.68,1.69,0.23446301597562114
406.07,73966563,2022-07-28,4.18,1.04,0.24994613229907348
411.99,87003672,2022-07-29,4.41,1.08,0.268168805983932
410.77,69997471,2022-08-01,1.62,0.39594,0.2644134576907686
408.06,63435418,2022-08-02,-1.06,-0.25909,0.2560716594330039
414.45,67820555,2022-08-03,4.15,1.01,0.27574106565703205
414.17,45656574,2022-08-04,-0.2,-0.04826604,0.27487918244220766
413.47,56814929,2022-08-05,3.81,0.93004,0.2727244744051467
412.99,54025965,2022-08-08,-2.26,-0.54425,0.27124696032259066
411.35,44931772,2022-08-09,-0.87,-0.21105,0.2661987872071907
419.99,68665712,2022-08-10,1.21,0.28893,0.29279404069320036
419.99,59489704,2022-08-11,-3.0,-0.70924,0.29279404069320036
427.1,61694542,2022-08-12,5.07,1.2,0.31467971804106254
428.86,54048280,2022-08-15,4.1,0.96287,0.3200972696771016
429.7,59289039,2022-08-16,1.97,0.46057,0.3226829193215748
426.65,63563394,2022-08-17,0.74,0.17375,0.31329454858866623
427.89,49023206,2022-08-18,1.03,0.2413,0.3171114599686027
422.14,68016902,2022-08-19,-2.84,-0.66827,0.2994120725213161
413.35,77695640,2022-08-22,-3.7,-0.88718,0.2723550958845078
412.35,49105249,2022-08-23,-0.55,-0.1332,0.26927694154584914
413.67,49177804,2022-08-24,1.56,0.37854,0.27334010527287833
419.51,50942252,2022-08-25,4.27,1.03,0.2913165266106441
405.31,103086976,2022-08-26,-14.08,-3.36,0.24760673500169306
402.63,65370810,2022-08-29,0.43,0.10691,0.23935728137408807
398.21,85652443,2022-08-30,-5.64,-1.4,0.2257518391972173
395.18,76029671,2022-08-31,-4.75,-1.19,0.21642503155108206
396.42,78740084,2022-09-01,3.53,0.89847,0.2202419429310185
392.24,99632149,2022-09-02,-8.04,-2.01,0.20737525779542598
390.76,76637400,2022-09-06,-2.37,-0.60285,0.20281958937421107
397.78,70964232,2022-09-07,7.35,1.88,0.22442823283159408
400.38,80821681,2022-09-08,4.99,1.26,0.23243143411210632
406.6,76706918,2022-09-09,3.86,0.95843,0.25157755409856253
410.97,69256262,2022-09-12,2.19,0.53574,0.2650290885585005
393.1,122947081,2022-09-13,-8.73,-2.17,0.21002247052667222
394.6,85023747,2022-09-14,0.13,0.03295561,0.21463970203465998
390.12,87633840,2022-09-15,-2.84,-0.72272,0.20084957059746977
385.56,103084819,2022-09-16,1.42,0.36966,0.18681318681318682
388.55,73278490,2022-09-19,6.29,1.65,0.1960168682857759
384.09,77274882,2022-09-20,-0.97,-0.25191,0.18228829993535856
377.39,106746554,2022-09-21,-8.72,-2.26,0.16166466586634654
374.22,89472641,2022-09-22,-2.36,-0.62669,0.1519069166127991
367.95,122346933,2022-09-23,-2.63,-0.7097,0.13260688890940986
364.31,92581244,2022-09-26,-2.1,-0.57313,0.12140240711669281
363.38,108294074,2022-09-27,-4.64,-1.26,0.11853972358174025
370.53,110802217,2022-09-28,6.15,1.69,0.1405485271031488
362.79,112952315,2022-09-29,-4.02,-1.1,0.11672361252193197
357.18,153711243,2022-09-30,-4.62,-1.28,0.09945516668205734
366.61,89756479,2022-10-03,5.53,1.53,0.1284821620956076
377.97,103602775,2022-10-04,5.57,1.5,0.1634499953827686
377.09,88065669,2022-10-05,3.7,0.99092,0.16074121956474885
373.2,82333543,2022-10-06,-2.42,-0.64427,0.14876719918736714
362.79,107789498,2022-10-07,-6.18,-1.67,0.11672361252193197
360.02,76042765,2022-10-10,-3.94,-1.08,0.1081971250038476
357.74,92482785,2022-10-11,-0.495,-0.13957,0.10117893311170634
356.56,76991799,2022-10-12,-1.61,-0.44951,0.09754671099208911
365.97,147254518,2022-10-13,16.77,4.8,0.12651214331886607
357.63,123737013,2022-10-14,-10.92,-2.96,0.10084033613445365
366.82,93168231,2022-10-17,2.81,0.77196,0.12912857450672566
371.13,97162850,2022-10-18,-4.0,-1.07,0.14239541970634395
368.5,79746863,2022-10-19,-0.49,-0.13279,0.1342998737956722
365.41,88283087,2022-10-20,-2.62,-0.7119,0.12478837688921729
374.29,131038379,2022-10-21,9.17,2.51,0.1521223874165052
378.87,85436907,2022-10-24,2.98,0.79279,0.16622033428756122
384.92,78846348,2022-10-25,6.13,1.62,0.1848431680364453
382.02,104087348,2022-10-26,0.4,0.10482,0.1759165204543356
379.98,81971756,2022-10-27,-3.09,-0.80664,0.16963708560347213
389.02,100301958,2022-10-28,9.15,2.41,0.1974636008249453
386.21,96631258,2022-10-31,-0.23,-0.05951765,0.18881398713331476
384.52,85407598,2022-11-01,-5.62,-1.44,0.1836119063009818
374.87,126990356,2022-11-02,-9.03,-2.35,0.15390771693292704
371.01,87100115,2022-11-03,-0.455,-0.12383,0.14202604118570505
376.35,103505182,2022-11-04,-0.65,-0.17241,0.15846338535414173
379.95,68286947,2022-11-07,2.24,0.59305,0.1695447409733124
382.0,84641062,2022-11-08,0.89,0.23353,0.1758549573675623
374.13,78495470,2022-11-09,-5.8,-1.53,0.1516298827223197
394.69,141455847,2022-11-10,6.64,1.71,0.21491673592513916
398.51,93839872,2022-11-11,2.92,0.73814,0.22667528549881477
395.12,71893165,2022-11-14,-1.54,-0.38824,0.2162403422907624
398.49,93194452,2022-11-15,-2.66,-0.66309,0.2266137224120417
395.45,68508454,2022-11-16,-1.33,-0.3352,0.2172561332225198
394.24,74496255,2022-11-17,3.78,0.96809,0.21353156647274285
396.03,92922451,2022-11-18,-1.71,-0.42993,0.21904146273894165
394.59,51243189,2022-11-21,-0.05,-0.01266977,0.21460892049127334
399.9,60429025,2022-11-22,3.27,0.82445,0.23095392002955029
402.42,68261628,2022-11-23,2.87,0.71831,0.23871086896296978
402.33,30545434,2022-11-25,0.5,0.12443,0.23843383507249039
395.91,68021749,2022-11-28,-3.18,-0.79681,0.21867208421830275
395.23,52310039,2022-11-29,-0.82,-0.20704,0.21657893926801486
407.68,144566653,2022-11-30,12.19,3.08,0.2549019607843137
407.38,76398170,2022-12-01,-1.39,-0.34004,0.253978514482716
406.91,85342731,2022-12-02,4.66,1.16,0.25253178194354664
399.59,77289815,2022-12-05,-4.36,-1.08,0.22999969218456595
393.83,77972217,2022-12-06,-5.59,-1.4,0.21226952319389292
393.16,65927896,2022-12-07,0.22,0.05598819,0.21020715978699167
396.24,60737912,2022-12-08,1.1,0.27838,0.21968787515005994
393.28,81447733,2022-12-09,-1.66,-0.42032,0.21057653830763057
398.95,75405835,2022-12-12,4.84,1.23,0.22802967340782465
401.97,123782534,2022-12-13,-8.25,-2.01,0.23732569951057347
399.4,108111349,2022-12-14,-2.21,-0.55029,0.22941484286022096
389.63,117705889,2022-12-15,-4.67,-1.18,0.1993412749715271
383.27,119857952,2022-12-16,-1.91,-0.49587,0.1797642133776587
380.02,79878103,2022-12-19,-3.45,-0.89968,0.1697602117770185
380.54,74427240,2022-12-20,1.31,0.34544,0.1713608520331209
386.23,78167369,2022-12-21,2.98,0.77756,0.18887555022008806
380.72,100120855,2022-12-22,-2.33,-0.60828,0.17191491981407947
382.91,59857329,2022-12-23,3.26,0.85869,0.17865607781574178
381.4,51638180,2022-12-27,-1.39,-0.36312,0.17400806476436714
376.66,70911520,2022-12-28,-4.67,-1.22,0.15941761319912584
383.44,66970877,2022-12-29,3.81,1.0,0.1802874996152306
382.43,84022205,2022-12-30,1.79,0.47026,0.17717856373318552
380.82,74850731,2023-01-03,-3.55,-0.92359,0.1722227352479453
383.76,85934098,2023-01-04,0.58,0.15136,0.18127250900360137
379.38,76970456,2023-01-05,-2.34,-0.61301,0.16779019300027698
388.08,104189603,2023-01-06,5.47,1.43,0.1945701357466063
387.86,73978071,2023-01-09,-2.51,-0.64298,0.1938929417921016
390.58,65358094,2023-01-10,3.33,0.85991,0.20226552159325273
395.52,68881080,2023-01-11,3.29,0.83879,0.2174716040262259
396.96,90157699,2023-01-12,0.29,0.07310863,0.221904146273894
398.5,63903932,2023-01-13,4.88,1.24,0.22664450395542834
397.77,62677281,2023-01-17,-0.71,-0.17818,0.22439745128820743
391.49,99632262,2023-01-18,-7.52,-1.88,0.205066642041432
388.64,86958919,2023-01-19,-0.72,-0.18492,0.1962939021762551
395.88,91806356,2023-01-20,5.78,1.48,0.21857973958814303
400.63,84178797,2023-01-23,3.91,0.98558,0.23320097269677098
400.2,59524911,2023-01-24,1.32,0.33093,0.23187736633114775
400.35,84800251,2023-01-25,4.4,1.11,0.2323390894819466
404.75,72287425,2023-01-26,1.62,0.40186,0.24588296857204428
405.68,68346180,2023-01-27,2.03,0.50042,0.24874565210699662
400.59,74202018,2023-01-30,-2.21,-0.54866,0.2330778465232246
406.48,86811786,2023-01-31,5.35,1.33,0.2512081755779234
410.8,101459155,2023-02-01,5.59,1.38,0.26450580232092835
416.78,101654463,2023-02-02,1.92,0.46281,0.2829131652661063
412.35,94736781,2023-02-03,0.76,0.18465,0.26927694154584914
409.83,60295325,2023-02-06,0.04,0.0097611,0.2615199926124294
415.19,90990745,2023-02-07,6.32,1.55,0.2780188998676394
410.65,76227462,2023-02-08,-2.48,-0.6003,0.2640440791701295
407.09,78694859,2023-02-09,-7.32,-1.77,0.253085849724505
408.04,70769715,2023-02-10,2.18,0.53713,0.25601009634623084
412.83,64913539,2023-02-13,4.11,1.01,0.27075445562840517
412.64,88389313,2023-02-14,1.4,0.34043,0.27016960630405995
413.98,61685279,2023-02-15,3.63,0.88461,0.27429433311786267
408.28,76431469,2023-02-16,-0.51,-0.12476,0.25674885338750886
407.26,89257815,2023-02-17,1.2,0.29552,0.2536091359620771
399.09,82655924,2023-02-21,-3.97,-0.98497,0.22846061501523685
398.54,83742293,2023-02-22,-0.98,-0.24529,0.22676763012897472
400.66,96242399,2023-02-23,-0.9,-0.22413,0.23329331732693093
396.38,108194413,2023-02-24,0.96,0.24278,0.22011881675747214
397.73,80444736,2023-02-27,-2.14,-0.53517,0.22427432511466128
396.26,96438567,2023-02-28,-0.97,-0.24419,0.21974943823683324
394.74,99706823,2023-03-01,-0.67,-0.16944,0.21507064364207218
397.81,85404726,2023-03-02,5.13,1.31,0.22452057746175402
404.19,90119952,2023-03-03,4.48,1.12,0.2441592021423955
404.47,72795946,2023-03-06,-0.58,-0.14319,0.2450210853572199
398.27,108310596,2023-03-07,-6.15,-1.52,0.22593652845753676
398.92,74746632,2023-03-08,0.53,0.13304,0.22793732877766493
391.56,111945322,2023-03-09,-8.18,-2.05,0.2052821128451381
385.91,189285696,2023-03-10,-5.08,-1.3,0.1878905408317173
385.36,157789967,2023-03-13,3.55,0.92978,0.18619755594545517
391.73,149752357,2023-03-14,1.23,0.31498,0.20580539908271
389.28,172996933,2023-03-15,3.39,0.87849,0.1982639209529964
396.11,143759805,2023-03-16,9.29,2.4,0.2192877150860344
389.99,140553411,2023-03-17,-3.23,-0.82142,0.20044941053344423
393.74,93056894,2023-03-20,2.94,0.7523,0.21199248930341374
398.91,91524248,2023-03-21,1.67,0.4204,0.22790654723427828
392.11,111748133,2023-03-22,-6.62,-1.66,0.20697509773140021
393.17,119351319,2023-03-23,-1.92,-0.48597,0.21023794133037832
395.75,107770124,2023-03-24,3.91,0.99786,0.21817957952411726
396.49,74010408,2023-03-27,-1.63,-0.40942,0.2204574137347246
395.6,62871680,2023-03-28,-0.17,-0.04295424,0.21771785637331864
401.35,77497876,2023-03-29,1.43,0.35506,0.23541724382060525
403.7,69840049,2023-03-30,-0.39,-0.09651315,0.2426509065164526
409.39,112062624,2023-03-31,4.73,1.17,0.26016560470341976
410.95,67391097,2023-04-03,2.1,0.51364,0.2649675254717272
408.67,66601534,2023-04-04,-2.95,-0.71668,0.2579493335795857
407.6,65200243,2023-04-05,-0.31,-0.07599716,0.2546557084372212
409.19,63743345,2023-04-06,2.42,0.59493,0.2595499738356881
409.61,63681042,2023-04-10,3.0,0.73781,0.2608427986579247
409.72,59297945,2023-04-11,-0.54,-0.13162,0.26118139563517717
408.05,86420379,2023-04-12,-3.82,-0.92748,0.2560408778896175
413.47,85814754,2023-04-13,4.29,1.05,0.2727244744051467
412.46,78161500,2023-04-14,-0.35,-0.08478477,0.2696155385231014
413.94,66436399,2023-04-17,1.57,0.38073,0.27417120694431607
414.21,63559997,2023-04-18,-1.37,-0.32966,0.2750023086157538
414.14,55227330,2023-04-19,1.92,0.46577,0.27478683781204793
411.88,75840359,2023-04-20,0.67,0.16293,0.26783020900667953
412.2,73457422,2023-04-21,0.01,0.00242607,0.2688152183950503
412.63,64332095,2023-04-24,0.64,0.15534,0.2701388247606735
406.08,97766721,2023-04-25,-4.5,-1.1,0.2499769138424599
404.36,80447049,2023-04-26,-2.36,-0.58025,0.24468248837996742
412.41,92968369,2023-04-27,5.41,1.33,0.2694616308061686
415.93,89433137,2023-04-28,4.44,1.08,0.28029673407824673
415.51,62122254,2023-05-01,0.04,0.00962765,0.27900390925601015
410.84,103998484,2023-05-02,-3.93,-0.94751,0.2646289284944747
408.02,91531769,2023-05-03,-3.34,-0.81194,0.25594853325945754
405.13,94901863,2023-05-04,-1.8,-0.44234,0.2470526672207345
412.63,87891791,2023-05-05,3.72,0.90974,0.2701388247606735
412.74,50046768,2023-05-08,-0.23,-0.05569412,0.270477421737926
410.93,49220119,2023-05-09,-0.2,-0.04864641,0.2649059623849539
412.85,96142922,2023-05-10,-1.03,-0.24886,0.27081601871517846
412.13,70157064,2023-05-11,0.18,0.04369462,0.2685997475913442
411.59,70481548,2023-05-12,-1.83,-0.44265,0.2669375442484685
413.01,54289383,2023-05-15,0.79,0.19165,0.27130852340936373
410.25,57705495,2023-05-16,-1.61,-0.39091,0.2628128174346662
415.23,87286957,2023-05-17,2.88,0.69844,0.27814202604118576
419.23,97177195,2023-05-18,4.33,1.04,0.29045464339581994
418.62,103793317,2023-05-19,-1.55,-0.3689,0.28857696924923815
418.79,60745399,2023-05-22,0.15,0.03583031,0.28910025548681006
414.09,86383493,2023-05-23,-2.99,-0.71689,0.2746329300951149
411.09,89213678,2023-05-24,-1.33,-0.32249,0.26539846707913917
414.65,90961606,2023-05-25,-0.09,-0.02170034,0.2763566965247637
420.02,93829975,2023-05-26,4.69,1.13,0.2928863853233601
420.18,72215960,2023-05-30,-1.85,-0.43836,0.2933788900175456
417.85,110811780,2023-05-31,-0.43,-0.1028,0.2862067904084711
421.82,88865018,2023-06-01,3.73,0.89215,0.29842706313294554
427.92,91426171,2023-06-02,3.42,0.80565,0.31720380459876263
427.1,70316043,2023-06-05,-1.18,-0.27552,0.31467971804106254
428.03,64022175,2023-06-06,1.36,0.31875,0.3175424015760149
426.55,85373275,2023-06-07,-1.89,-0.44114,0.3129867331548004
429.13,61952842,2023-06-08,2.51,0.58835,0.32092837134853935
429.9,85647268,2023-06-09,-0.06,-0.01395479,0.3232985501893064
433.8,76256703,2023-06-12,2.88,0.66834,0.3353033521100748
436.66,95899704,2023-06-13,1.34,0.30782,0.34410687351863833
437.18,100612080,2023-06-14,0.17,0.03890071,0.34570751377474074
442.6,110303091,2023-06-15,6.27,1.44,0.36239111029026994
439.46,114165849,2023-06-16,-3.56,-0.80358,0.352725705666882
437.18,76160359,2023-06-20,-0.27,-0.06172134,0.34570751377474074
434.94,76982251,2023-06-21,-1.22,-0.27971,0.3388124480561454
436.51,70637175,2023-06-22,2.56,0.58993,0.3436451503678395
433.21,92074537,2023-06-23,0.28,0.06467558,0.3334872410502663
431.44,72823560,2023-06-26,-1.18,-0.27276,0.32803890787084056
436.17,72813699,2023-06-27,3.82,0.88354,0.34259857789269565
436.39,75635976,2023-06-28,1.34,0.30801,0.3432757718472004
438.11,67882304,2023-06-29,2.15,0.49316,0.3485701973096931
443.28,104964019,2023-06-30,1.84,0.41682,0.3644842552405576
443.79,32793378,2023-07-03,0.87,0.19642,0.3660541139532736
443.13,58418432,2023-07-05,1.22,0.27607,0.364022532089759
439.66,80658302,2023-07-06,0.24,0.05461745,0.35334133653461386
438.55,86134178,2023-07-07,-0.08,-0.01823861,0.34992458521870295
439.66,62443501,2023-07-10,1.48,0.33776,0.35334133653461386
442.46,64463752,2023-07-11,2.01,0.45635,0.36196016868285774
446.02,91924527,2023-07-12,-0.37,-0.08288716,0.37291839812848204
449.56,72425241,2023-07-13,1.66,0.37062,0.3838150644873335
449.28,69815823,2023-07-14,-1.2,-0.26638,0.3829531812725089
450.84,52680221,2023-07-17,1.71,0.38074,0.3877551020408163
454.19,80744448,2023-07-18,3.69,0.81909,0.3980669190753223
455.2,65891688,2023-07-19,0.19,0.04175732,0.4011758549573674
452.18,70591642,2023-07-20,-1.99,-0.43816,0.3918798288546188
452.18,71275618,2023-07-21,-1.78,-0.39211,0.3918798288546188
454.2,54023382,2023-07-24,0.83,0.18307,0.39809770061870897
455.44,55191240,2023-07-25,1.52,0.33486,0.40191461199864564
455.51,71052885,2023-07-26,1.04,0.22884,0.40213008280235174
452.49,92194375,2023-07-27,-6.53,-1.42,0.3928340566996029
456.92,80011790,2023-07-28,1.04,0.22813,0.40647028041986033
457.79,62040449,2023-07-31,0.38,0.08307645,0.4091482746944932
456.48,55502199,2023-08-01,0.21,0.04602538,0.40511589251085045
450.13,93933369,2023-08-02,-3.12,-0.68836,0.3855696124603687
448.84,64419692,2023-08-03,0.8,0.17856,0.3815987933634992
446.81,100128902,2023-08-04,-3.91,-0.8675,0.3753501400560224
450.71,58357464,2023-08-07,2.0,0.44572,0.38735494197679055
448.75,71361324,2023-08-08,0.67,0.14953,0.38132175947302005
445.75,78789575,2023-08-09,-3.28,-0.73046,0.3720872964570443
445.91,93005495,2023-08-10,-2.28,-0.50871,0.3725798011512298
445.65,68690902,2023-08-11,1.68,0.3784,0.3717794810231785
448.11,47867441,2023-08-14,3.41,0.76681,0.3793517406962785
442.89,75707534,2023-08-15,-3.38,-0.75739,0.363283775048481
439.64,80107206,2023-08-16,-2.82,-0.63735,0.35327977344784056
436.29,95711315,2023-08-17,-4.87,-1.1,0.34296795641333455
436.5,98851960,2023-08-18,3.13,0.72225,0.34361436882445284
439.34,68718957,2023-08-21,1.79,0.4091,0.3523563271462431
438.15,65062861,2023-08-22,-3.03,-0.68679,0.34869332348323945
443.03,68441021,2023-08-23,3.78,0.86056,0.36371471665589294
436.89,88517272,2023-08-24,-7.8,-1.75,0.3448148490165297
439.97,102325103,2023-08-25,1.29,0.29406,0.35429556437959797
442.76,61595393,2023-08-28,0.52,0.11758,0.3628836149844552
449.16,83081916,2023-08-29,6.51,1.47,0.38258380275187
451.01,69053911,2023-08-30,1.5,0.3337,0.38827838827838823
450.35,66084563,2023-08-31,-1.3,-0.28783,0.38624680641487363
451.19,58944098,2023-09-01,-1.98,-0.43692,0.3888324560593468
449.24,55166210,2023-09-05,-1.49,-0.33057,0.38283005509896273
446.22,70758512,2023-09-06,-2.18,-0.48617,0.3735340289962139
444.85,70355426,2023-09-07,1.74,0.39268,0.3693169575522517
445.52,62068437,2023-09-08,0.62,0.13936,0.3713793209591527
448.45,60180118,2023-09-11,0.21,0.0468499,0.38039831317142236
445.99,67565422,2023-09-12,-0.96,-0.21479,0.3728260534983223
446.51,60199272,2023-09-13,0.29,0.06499036,0.3744266937544247
450.36,83430814,2023-09-14,1.29,0.28726,0.3862775879582603
443.37,111848859,2023-09-15,-3.77,-0.84314,0.364761289131037
443.63,55752213,2023-09-18,0.58,0.13091,0.3655616092590883
442.71,66514648,2023-09-19,0.03,0.0067769,0.3627297072675224
438.64,82562602,2023-09-20,-5.37,-1.21,0.3502016191091821
431.39,104095826,2023-09-21,-4.31,-0.98921,0.32788500015390776
430.42,100829684,2023-09-22,-2.03,-0.46942,0.32489919044540905
432.23,70874534,2023-09-25,3.06,0.713,0.3304706497983809
425.88,96168436,2023-09-26,-3.21,-0.74809,0.31092436974789917
426.05,104705847,2023-09-27,-1.04,-0.24351,0.3114476559854711
428.52,92258308,2023-09-28,3.04,0.71449,0.31905069720195756
427.48,115111319,2023-09-29,-4.19,-0.97065,0.31584941668975297
427.31,83798599,2023-10-02,0.69,0.16174,0.31532613045218083
421.59,103760607,2023-10-03,-3.47,-0.81636,0.29771908763505395
424.66,87452968,2023-10-04,2.59,0.61364,0.3071690214547358
424.5,70142744,2023-10-05,0.14,0.03299086,0.3066765167605503
429.54,113273309,2023-10-06,7.57,1.79,0.3221904146273895
432.29,80374362,2023-10-09,4.71,1.1,0.33065533905870037
434.54,78607268,2023-10-10,1.6,0.36957,0.3375811863206821
436.32,62451736,2023-10-11,0.68,0.15609,0.3430603010434943
433.66,81154230,2023-10-12,-3.29,-0.75295,0.3348724105026626
431.5,95201132,2023-10-13,-3.71,-0.85246,0.3282235971311602
436.04,75433194,2023-10-16,2.22,0.51173,0.3421984178286699
436.02,75324708,2023-10-17,3.21,0.74166,0.3421368547418966
430.21,93559798,2023-10-18,-3.98,-0.91665,0.32425277803429053
426.43,121322957,2023-10-19,-4.52,-1.05,0.3126173546341613
421.19,123919874,2023-10-20,-4.79,-1.12,0.29648782589959066
420.46,92035095,2023-10-23,0.85,0.20257,0.29424077323236975
423.63,78564239,2023-10-24,0.98,0.23187,0.3039985224859174
417.55,94223198,2023-10-25,-4.34,-1.03,0.2852833441068736
412.55,115156761,2023-10-26,-3.9,-0.93649,0.2698925724135808
410.68,107367671,2023-10-27,-3.51,-0.84744,0.26413642380028945
415.59,86562675,2023-10-30,2.03,0.49086,0.2792501616031027
418.2,79665150,2023-10-31,2.02,0.48537,0.28728414442700156
422.66,98068115,2023-11-01,3.46,0.82538,0.3010127127774187
430.76,94938909,2023-11-02,4.18,0.97989,0.3259457629205529
434.69,100167775,2023-11-03,1.55,0.35785,0.33804290947148097
435.69,67831660,2023-11-06,0.22,0.05052013,0.3411210638101394
436.93,64256114,2023-11-07,1.24,0.28461,0.3449379751900761
437.25,61746027,2023-11-08,-0.3,-0.06856359,0.34592298457844683
433.84,83174417,2023-11-09,-4.59,-1.05,0.33542647828362115
440.61,89558054,2023-11-10,4.63,1.06,0.3562655831563395
440.19,52236068,2023-11-13,0.96,0.21856,0.3549727583341029
448.73,97176935,2023-11-14,2.41,0.53997,0.38126019638624675
449.68,77327573,2023-11-15,-0.43,-0.0955322,0.3841844430079724
450.23,66665797,2023-11-16,1.01,0.22483,0.38587742789423474
450.79,83193902,2023-11-17,0.55,0.12216,0.3876011943238835
454.26,70055633,2023-11-20,3.73,0.82791,0.3982823898790284
453.27,49244639,2023-11-21,0.0858,0.01985966,0.3952350170837564
455.02,59446573,2023-11-22,0.04,0.0087916,0.40062178717640884
455.3,29737375,2023-11-24,0.23,0.05054167,0.40148367039123345
454.48,50505985,2023-11-27,-0.17,-0.0373914,0.39895958383353336
454.93,62115011,2023-11-28,0.85,0.18719,0.40034475328592967
454.61,63145992,2023-11-29,-2.54,-0.55562,0.3993597438975591
456.4,79752700,2023-11-30,0.92,0.20198,0.4048696401637577
459.1,89183400,2023-12-01,3.33,0.73063,0.413180656878136
456.69,72430888,2023-12-04,1.09,0.23924,0.40576230492196874
456.6,69793469,2023-12-05,1.34,0.29434,0.40548527103148957
454.76,69124685,2023-12-06,-4.05,-0.88272,0.39982146704835775
458.23,66995446,2023-12-07,1.32,0.2889,0.4105026626035029
460.2,83194404,2023-12-08,2.74,0.59896,0.41656662665066024
461.99,65002247,2023-12-11,2.3,0.50034,0.42207652291685904
464.1,68327617,2023-12-12,2.47,0.53506,0.4285714285714286
470.5,93277960,2023-12-13,6.01,1.29,0.44827161633884316
472.01,119026049,2023-12-14,-0.49,-0.1037,0.45291962939021757
469.33,141553673,2023-12-15,-0.16,-0.03407953,0.4446701757626126
471.97,70375285,2023-12-18,0.99,0.2102,0.4527965032166714
474.84,55761805,2023-12-19,2.31,0.48886,0.4616308061686212
468.26,102920959,2023-12-20,-5.7,-1.2,0.44137655062024805
472.7,86667465,2023-12-21,1.37,0.29067,0.4550435558838919
473.65,67160419,2023-12-22,-0.21,-0.04431689,0.4579678025056175
475.65,55386952,2023-12-26,1.58,0.33328,0.4641241111829346
476.51,68000311,2023-12-27,1.07,0.22505,0.4667713239141811
476.69,77158116,2023-12-28,-0.19,-0.03984231,0.46732539169513965
475.31,122283149,2023-12-29,-1.18,-0.24764,0.4630775387077908
