date,avg_price,open_price,max_price,min_prie,close_price,last_price,coef,lsp,change,buys,sells,deals,number,volume,currency,ISIN
2021-10-21,3.50009466,3.65,3.65,3.35,,3.49,1,3.49,,3.49,3.49,8546.0,3351831.0,11731725.7805,EUR,EE3100137985
2021-10-22,3.4966845,3.55,3.55,3.459,3.49,3.48,1,3.48,-0.29,3.48,3.48,3670.0,874875.0,3059161.8525,EUR,EE3100137985
2021-10-25,3.41435648,3.49,3.49,3.36,3.48,3.41,1,3.41,-2.01,3.41,3.41,2731.0,664296.0,2268143.355,EUR,EE3100137985
2021-10-26,3.38747333,3.4,3.415,3.37,3.41,3.39,1,3.39,-0.59,3.39,3.39,1206.0,294299.0,996930.015,EUR,EE3100137985
2021-10-27,3.33743707,3.38,3.385,3.305,3.39,3.315,1,3.315,-2.21,3.315,3.315,1598.0,419459.0,1399918.015,EUR,EE3100137985
2021-10-28,3.31752385,3.3,3.415,3.255,3.315,3.415,1,3.415,3.02,3.415,3.415,1588.0,451920.0,1499255.38,EUR,EE3100137985
2021-10-29,3.41050347,3.42,3.445,3.365,3.415,3.385,1,3.385,-0.88,3.385,3.385,904.0,193873.0,661204.54,EUR,EE3100137985
2021-11-01,3.39153052,3.39,3.405,3.37,3.385,3.4,1,3.4,0.44,3.4,3.4,780.0,155150.0,526195.96,EUR,EE3100137985
2021-11-02,3.42019988,3.41,3.45,3.4,3.4,3.45,1,3.45,1.47,3.45,3.45,909.0,243344.0,832285.12,EUR,EE3100137985
2021-11-03,3.49166117,3.46,3.53,3.455,3.45,3.52,1,3.52,2.03,3.52,3.52,1143.0,278458.0,972280.985,EUR,EE3100137985
2021-11-04,3.60362885,3.535,3.69,3.535,3.52,3.69,1,3.69,4.83,3.69,3.69,1568.0,357834.0,1289500.925,EUR,EE3100137985
2021-11-05,3.79964473,3.81,3.89,3.73,3.69,3.74,1,3.74,1.36,3.74,3.74,2525.0,692999.0,2633149.995,EUR,EE3100137985
2021-11-08,3.73511304,3.76,3.79,3.7,3.74,3.74,1,3.74,,3.74,3.74,1462.0,307069.0,1146937.425,EUR,EE3100137985
2021-11-09,3.76378897,3.75,3.78,3.74,3.74,3.765,1,3.765,0.67,3.765,3.765,884.0,173674.0,653672.285,EUR,EE3100137985
2021-11-10,3.77013681,3.78,3.8,3.74,3.765,3.785,1,3.785,0.53,3.785,3.785,819.0,153355.0,578169.33,EUR,EE3100137985
2021-11-11,3.80949858,3.795,3.825,3.79,3.785,3.81,1,3.81,0.66,3.81,3.81,890.0,184724.0,703705.815,EUR,EE3100137985
2021-11-12,3.88520112,3.825,3.96,3.82,3.81,3.91,1,3.91,2.62,3.91,3.91,1206.0,430256.0,1671631.095,EUR,EE3100137985
2021-11-15,4.04362067,3.96,4.1,3.96,3.91,4.07,1,4.07,4.09,4.07,4.07,2300.0,495272.0,2002692.095,EUR,EE3100137985
2021-11-16,4.22295494,4.15,4.26,4.14,4.07,4.25,1,4.25,4.42,4.25,4.25,2721.0,632005.0,2668928.635,EUR,EE3100137985
2021-11-17,4.43177079,4.38,4.58,4.25,4.25,4.49,1,4.49,5.65,4.49,4.49,3680.0,946255.0,4193585.27,EUR,EE3100137985
2021-11-18,4.44734515,4.525,4.575,4.31,4.49,4.33,1,4.33,-3.56,4.33,4.33,3023.0,643781.0,2863116.305,EUR,EE3100137985
2021-11-19,4.22051431,4.3,4.3,4.15,4.33,4.18,1,4.18,-3.46,4.18,4.18,2219.0,478062.0,2017667.51,EUR,EE3100137985
2021-11-22,4.26551043,4.195,4.365,4.185,4.18,4.25,1,4.25,1.67,4.25,4.25,1659.0,298102.0,1271557.19,EUR,EE3100137985
2021-11-23,4.24741888,4.27,4.28,4.2,4.25,4.235,1,4.235,-0.35,4.235,4.235,1063.0,181098.0,769199.065,EUR,EE3100137985
2021-11-24,4.20186234,4.22,4.25,4.15,4.235,4.18,1,4.18,-1.3,4.18,4.18,1130.0,201056.0,844809.635,EUR,EE3100137985
2021-11-25,4.18590126,4.185,4.21,4.175,4.18,4.185,1,4.185,0.12,4.185,4.185,650.0,91466.0,382867.645,EUR,EE3100137985
2021-11-26,4.12471718,4.18,4.185,4.05,4.185,4.05,1,4.05,-3.23,4.05,4.05,1631.0,252829.0,1042848.12,EUR,EE3100137985
2021-11-29,4.0693601,4.095,4.18,4.0,4.05,4.045,1,4.045,-0.12,4.045,4.045,1644.0,292155.0,1188883.9,EUR,EE3100137985
2021-11-30,3.9992869,4.05,4.06,3.96,4.045,3.98,1,3.98,-1.61,3.98,3.98,1346.0,231673.0,926526.795,EUR,EE3100137985
2021-12-01,3.91107942,3.98,3.98,3.88,3.98,3.885,1,3.885,-2.39,3.885,3.885,1615.0,317985.0,1243664.59,EUR,EE3100137985
2021-12-02,3.80307977,3.88,3.88,3.76,3.885,3.775,1,3.775,-2.83,3.775,3.775,1532.0,317771.0,1208508.463,EUR,EE3100137985
2021-12-03,3.87719423,3.781,3.93,3.781,3.775,3.93,1,3.93,4.11,3.93,3.93,1060.0,222031.0,860857.312,EUR,EE3100137985
2021-12-06,3.97402579,3.95,3.999,3.94,3.93,3.97,1,3.97,1.02,3.97,3.97,790.0,104543.0,415456.578,EUR,EE3100137985
2021-12-07,4.10146483,4.055,4.174,4.03,3.97,4.126,1,4.126,3.93,4.126,4.126,1168.0,285599.0,1171374.253,EUR,EE3100137985
2021-12-08,4.09868808,4.126,4.148,4.04,4.126,4.069,1,4.069,-1.38,4.069,4.069,831.0,123814.0,507474.966,EUR,EE3100137985
2021-12-09,4.02074025,4.04,4.065,3.97,4.069,4.009,1,4.009,-1.47,4.009,4.009,786.0,90599.0,364275.046,EUR,EE3100137985
2021-12-10,4.02676043,4.044,4.045,3.991,4.009,4.018,1,4.018,0.22,4.018,4.018,778.0,104600.0,421199.141,EUR,EE3100137985
2021-12-13,4.01958593,4.04,4.04,4.0,4.018,4.013,1,4.013,-0.12,4.013,4.013,702.0,103080.0,414338.918,EUR,EE3100137985
2021-12-14,3.98358565,4.004,4.01,3.965,4.013,3.965,1,3.965,-1.2,3.965,3.965,910.0,105058.0,418507.541,EUR,EE3100137985
2021-12-15,3.97093217,3.965,3.989,3.962,3.965,3.968,1,3.968,0.08,3.968,3.968,653.0,92005.0,365345.614,EUR,EE3100137985
2021-12-16,3.96813721,3.965,3.975,3.963,3.968,3.97,1,3.97,0.05,3.97,3.97,530.0,53467.0,212164.392,EUR,EE3100137985
2021-12-17,3.95214853,3.969,3.969,3.925,3.97,3.925,1,3.925,-1.13,3.925,3.925,708.0,74287.0,293593.258,EUR,EE3100137985
2021-12-20,3.85739116,3.9,3.91,3.84,3.925,3.85,1,3.85,-1.91,3.85,3.85,1046.0,176986.0,682704.232,EUR,EE3100137985
2021-12-21,3.86121739,3.86,3.87,3.851,3.85,3.86,1,3.86,0.26,3.86,3.86,552.0,119565.0,461666.457,EUR,EE3100137985
2021-12-22,3.8599204,3.859,3.879,3.85,3.86,3.878,1,3.878,0.47,3.878,3.878,516.0,59046.0,227912.86,EUR,EE3100137985
2021-12-23,3.94512147,3.87,3.99,3.86,3.878,3.99,1,3.99,2.89,3.99,3.99,722.0,106627.0,420656.467,EUR,EE3100137985
2021-12-27,4.0388778,4.07,4.07,4.0,3.99,4.027,1,4.027,0.93,4.027,4.027,783.0,108281.0,437333.727,EUR,EE3100137985
2021-12-28,4.02951182,4.049,4.049,4.011,4.027,4.016,1,4.016,-0.27,4.016,4.016,487.0,98068.0,395218.161,EUR,EE3100137985
2021-12-29,4.0233597,4.016,4.04,4.013,4.016,4.027,1,4.027,0.27,4.025,4.027,388.0,46141.0,185641.84,EUR,EE3100137985
2021-12-30,4.04024543,4.03,4.047,4.03,4.027,4.044,1,4.044,0.42,4.044,4.044,432.0,62425.0,252212.321,EUR,EE3100137985
2022-01-03,4.06024973,4.045,4.085,4.045,4.044,4.085,1,4.085,1.01,4.085,4.085,801.0,132357.0,537402.474,EUR,EE3100137985
2022-01-04,4.15115783,4.088,4.2,4.088,4.085,4.193,1,4.193,2.64,4.193,4.193,943.0,151539.0,629062.307,EUR,EE3100137985
2022-01-05,4.21205633,4.205,4.232,4.196,4.193,4.215,1,4.215,0.52,4.215,4.215,872.0,148207.0,624256.233,EUR,EE3100137985
2022-01-06,4.14549715,4.215,4.215,4.102,4.215,4.164,1,4.164,-1.21,4.164,4.164,1028.0,157927.0,654685.929,EUR,EE3100137985
2022-01-07,4.17997652,4.163,4.199,4.161,4.164,4.184,1,4.184,0.48,4.184,4.184,642.0,94712.0,395893.936,EUR,EE3100137985
2022-01-10,4.19148578,4.197,4.205,4.176,4.184,4.176,1,4.176,-0.19,4.178,4.184,863.0,153562.0,643652.939,EUR,EE3100137985
2022-01-11,4.14434732,4.17,4.17,4.13,4.176,4.13,1,4.13,-1.1,4.13,4.13,768.0,103207.0,427725.654,EUR,EE3100137985
2022-01-12,4.1824515,4.135,4.197,4.134,4.13,4.19,1,4.19,1.45,4.19,4.19,565.0,79261.0,331505.288,EUR,EE3100137985
2022-01-13,4.25375199,4.2,4.325,4.195,4.19,4.267,1,4.267,1.84,4.267,4.267,1092.0,297361.0,1264899.945,EUR,EE3100137985
2022-01-14,4.25779685,4.28,4.295,4.221,4.267,4.241,1,4.241,-0.61,4.241,4.241,799.0,294818.0,1255275.151,EUR,EE3100137985
2022-01-17,4.2430557,4.25,4.274,4.225,4.241,4.233,1,4.233,-0.19,4.23,4.233,694.0,116510.0,494358.42,EUR,EE3100137985
2022-01-18,4.17968903,4.224,4.269,4.136,4.233,4.137,1,4.137,-2.27,4.137,4.137,1007.0,186166.0,778115.988,EUR,EE3100137985
2022-01-19,4.06686706,4.1,4.11,4.05,4.137,4.06,1,4.06,-1.86,4.06,4.06,1271.0,226997.0,923166.623,EUR,EE3100137985
2022-01-20,4.05245681,4.046,4.089,4.03,4.06,4.054,1,4.054,-0.15,4.054,4.054,839.0,133757.0,542044.465,EUR,EE3100137985
2022-01-21,3.95013714,4.05,4.05,3.851,4.054,3.898,1,3.898,-3.85,3.898,3.898,2393.0,387607.0,1531100.806,EUR,EE3100137985
2022-01-24,3.74313102,3.845,3.845,3.651,3.898,3.651,1,3.651,-6.34,3.651,3.651,4021.0,648407.0,2427072.354,EUR,EE3100137985
2022-01-25,3.78762283,3.65,3.89,3.65,3.651,3.819,1,3.819,4.6,3.819,3.819,2481.0,480531.0,1820070.187,EUR,EE3100137985
2022-01-26,3.89842613,3.852,3.945,3.852,3.819,3.89,1,3.89,1.86,3.89,3.89,1111.0,285870.0,1114443.079,EUR,EE3100137985
2022-01-27,3.80656956,3.85,3.85,3.765,3.89,3.83,1,3.83,-1.54,3.83,3.83,1360.0,216497.0,824110.89,EUR,EE3100137985
2022-01-28,3.86889167,3.86,3.93,3.841,3.83,3.849,1,3.849,0.5,3.849,3.849,797.0,134286.0,519537.987,EUR,EE3100137985
2022-01-31,3.90837041,3.951,3.96,3.87,3.849,3.894,1,3.894,1.17,3.894,3.894,886.0,123334.0,482034.956,EUR,EE3100137985
2022-02-01,3.95256543,3.94,3.989,3.921,3.894,3.989,1,3.989,2.44,3.989,3.989,762.0,129037.0,510027.186,EUR,EE3100137985
2022-02-02,4.01410029,4.022,4.089,3.98,3.989,3.99,1,3.99,0.03,3.99,3.99,863.0,138342.0,555318.663,EUR,EE3100137985
2022-02-03,3.96947181,4.01,4.01,3.921,3.99,3.96,1,3.96,-0.75,3.96,3.96,658.0,48238.0,191479.381,EUR,EE3100137985
2022-02-04,3.90368218,3.921,3.945,3.872,3.96,3.895,1,3.895,-1.64,3.895,3.895,966.0,171954.0,671253.766,EUR,EE3100137985
2022-02-07,3.9336974,3.97,3.98,3.92,3.895,3.93,1,3.93,0.9,3.93,3.93,781.0,139811.0,549974.167,EUR,EE3100137985
2022-02-08,3.90659569,3.93,3.939,3.892,3.93,3.898,1,3.898,-0.81,3.898,3.898,888.0,118300.0,462150.27,EUR,EE3100137985
2022-02-09,3.93214173,3.929,3.96,3.91,3.898,3.96,1,3.96,1.59,3.96,3.96,914.0,221224.0,869777.035,EUR,EE3100137985
2022-02-10,3.95572259,3.982,3.985,3.925,3.96,3.939,1,3.939,-0.53,3.939,3.939,640.0,70339.0,278241.571,EUR,EE3100137985
2022-02-11,3.88719675,3.929,3.929,3.85,3.939,3.886,1,3.886,-1.35,3.886,3.886,1434.0,181515.0,705584.518,EUR,EE3100137985
2022-02-14,3.78113841,3.8,3.801,3.76,3.886,3.78,1,3.78,-2.73,3.78,3.78,1742.0,252686.0,955440.062,EUR,EE3100137985
2022-02-15,3.84141082,3.789,3.87,3.787,3.78,3.859,1,3.859,2.09,3.859,3.859,887.0,141141.0,542180.565,EUR,EE3100137985
2022-02-16,3.89956808,3.895,3.926,3.871,3.859,3.89,1,3.89,0.8,3.89,3.89,672.0,42925.0,167388.96,EUR,EE3100137985
2022-02-17,3.83486714,3.89,3.89,3.804,3.89,3.81,1,3.81,-2.06,3.81,3.81,896.0,65219.0,250106.2,EUR,EE3100137985
2022-02-18,3.76319689,3.798,3.798,3.746,3.81,3.749,1,3.749,-1.6,3.749,3.749,1728.0,286491.0,1078122.041,EUR,EE3100137985
2022-02-21,3.67872888,3.72,3.728,3.66,3.749,3.663,1,3.663,-2.29,3.663,3.663,2175.0,295213.0,1086008.59,EUR,EE3100137985
2022-02-22,3.58568087,3.598,3.649,3.5,3.663,3.619,1,3.619,-1.2,3.619,3.619,2624.0,397310.0,1424626.868,EUR,EE3100137985
2022-02-23,3.66464309,3.625,3.72,3.625,3.619,3.644,1,3.644,0.69,3.644,3.644,1319.0,300461.0,1101082.326,EUR,EE3100137985
2022-02-24,,3.644,,,3.644,3.644,1,3.644,,,,,,,EUR,EE3100137985
2022-02-25,3.56523706,3.5,3.628,3.46,3.644,3.628,1,3.628,-0.44,3.628,3.628,2043.0,392690.0,1400032.942,EUR,EE3100137985
2022-02-28,3.7328297,3.645,3.815,3.645,3.628,3.745,1,3.745,3.22,3.745,3.745,1332.0,252471.0,942431.248,EUR,EE3100137985
2022-03-01,3.78700851,3.82,3.888,3.701,3.745,3.72,1,3.72,-0.67,3.72,3.72,1044.0,153774.0,582343.447,EUR,EE3100137985
2022-03-02,3.66771358,3.68,3.699,3.652,3.72,3.662,1,3.662,-1.56,3.662,3.662,877.0,118759.0,435573.997,EUR,EE3100137985
2022-03-03,3.70526754,3.675,3.747,3.675,3.662,3.7,1,3.7,1.04,3.7,3.7,585.0,93262.0,345537.226,EUR,EE3100137985
2022-03-04,3.59879612,3.67,3.678,3.53,3.7,3.55,1,3.55,-4.05,3.55,3.55,1674.0,260973.0,939188.62,EUR,EE3100137985
2022-03-07,3.43009001,3.55,3.55,3.37,3.55,3.396,1,3.396,-4.34,3.396,3.396,2913.0,546566.0,1874770.579,EUR,EE3100137985
2022-03-08,3.46945703,3.39,3.55,3.334,3.396,3.52,1,3.52,3.65,3.52,3.52,1669.0,282355.0,979618.54,EUR,EE3100137985
2022-03-09,3.6878454,3.64,3.725,3.64,3.52,3.682,1,3.682,4.6,3.682,3.682,822.0,138839.0,512016.768,EUR,EE3100137985
2022-03-10,3.72275193,3.8,3.85,3.682,3.682,3.697,1,3.697,0.41,3.697,3.697,1223.0,258743.0,963236.002,EUR,EE3100137985
2022-03-11,3.66579393,3.684,3.7,3.64,3.697,3.679,1,3.679,-0.49,3.679,3.679,1029.0,187807.0,688461.761,EUR,EE3100137985
2022-03-14,3.67475543,3.71,3.714,3.642,3.679,3.678,1,3.678,-0.03,3.678,3.678,763.0,111590.0,410065.958,EUR,EE3100137985
2022-03-15,3.69097307,3.67,3.71,3.651,3.678,3.699,1,3.699,0.57,3.699,3.699,690.0,90163.0,332789.205,EUR,EE3100137985
2022-03-16,3.75449081,3.738,3.77,3.738,3.699,3.751,1,3.751,1.41,3.751,3.751,615.0,123881.0,465110.076,EUR,EE3100137985
2022-03-17,3.79384758,3.8,3.82,3.765,3.751,3.774,1,3.774,0.61,3.774,3.774,483.0,65206.0,247381.625,EUR,EE3100137985
2022-03-18,3.77589947,3.79,3.795,3.755,3.774,3.777,1,3.777,0.08,3.777,3.777,526.0,42168.0,159222.129,EUR,EE3100137985
2022-03-21,3.7993902,3.777,3.819,3.772,3.777,3.785,1,3.785,0.21,3.785,3.785,598.0,78868.0,299650.306,EUR,EE3100137985
2022-03-22,3.79758287,3.78,3.809,3.78,3.785,3.805,1,3.805,0.53,3.805,3.805,377.0,74216.0,281841.41,EUR,EE3100137985
2022-03-23,3.80716095,3.807,3.825,3.79,3.805,3.8,1,3.8,-0.13,3.8,3.8,452.0,61820.0,235358.69,EUR,EE3100137985
2022-03-24,3.77699671,3.78,3.809,3.744,3.8,3.799,1,3.799,-0.03,3.799,3.799,589.0,124517.0,470300.299,EUR,EE3100137985
2022-03-25,3.7967632,3.801,3.809,3.785,3.799,3.799,1,3.799,,3.799,3.799,452.0,41659.0,158169.358,EUR,EE3100137985
2022-03-28,3.80420338,3.8,3.818,3.795,3.799,3.8,1,3.8,0.03,3.8,3.8,732.0,72240.0,274815.652,EUR,EE3100137985
2022-03-29,3.76979484,3.8,3.8,3.752,3.8,3.76,1,3.76,-1.05,3.76,3.76,638.0,110520.0,416637.726,EUR,EE3100137985
2022-03-30,3.75978013,3.76,3.767,3.75,3.76,3.765,1,3.765,0.13,3.765,3.765,768.0,137967.0,518725.585,EUR,EE3100137985
2022-03-31,3.78866431,3.77,3.796,3.77,3.765,3.79,1,3.79,0.66,3.79,3.79,607.0,63392.0,240171.008,EUR,EE3100137985
2022-04-01,3.80242571,3.79,3.818,3.79,3.79,3.81,1,3.81,0.53,3.81,3.81,757.0,50062.0,190357.036,EUR,EE3100137985
2022-04-04,3.88409785,3.822,3.93,3.822,3.81,3.93,1,3.93,3.15,3.93,3.93,643.0,112336.0,436324.016,EUR,EE3100137985
2022-04-05,3.96405168,3.93,3.986,3.928,3.93,3.97,1,3.97,1.02,3.97,3.97,749.0,83941.0,332746.462,EUR,EE3100137985
2022-04-06,3.93526576,3.952,3.96,3.9,3.97,3.948,1,3.948,-0.55,3.948,3.948,549.0,58161.0,228878.992,EUR,EE3100137985
2022-04-07,3.95625403,3.95,3.97,3.934,3.948,3.96,1,3.96,0.3,3.96,3.96,621.0,58591.0,231800.88,EUR,EE3100137985
2022-04-08,3.97600309,3.96,3.984,3.96,3.96,3.972,1,3.972,0.3,3.972,3.972,456.0,51058.0,203006.766,EUR,EE3100137985
2022-04-11,3.97056653,3.976,3.99,3.956,3.972,3.972,1,3.972,,3.972,3.972,735.0,71777.0,284995.354,EUR,EE3100137985
2022-04-12,3.915154,3.966,3.966,3.888,3.972,3.91,1,3.91,-1.56,3.91,3.91,937.0,172232.0,674314.804,EUR,EE3100137985
2022-04-13,3.90271607,3.958,3.958,3.854,3.91,3.868,1,3.868,-1.07,3.868,3.868,649.0,131099.0,511642.174,EUR,EE3100137985
2022-04-14,3.9036471,3.874,3.918,3.874,3.868,3.906,1,3.906,0.98,3.906,3.906,611.0,54367.0,212229.582,EUR,EE3100137985
2022-04-19,3.89407615,3.9,3.908,3.88,3.906,3.89,1,3.89,-0.41,3.89,3.89,628.0,47800.0,186136.84,EUR,EE3100137985
2022-04-20,3.89603375,3.89,3.9,3.89,3.89,3.894,1,3.894,0.1,3.894,3.894,453.0,44383.0,172917.666,EUR,EE3100137985
2022-04-21,3.89799584,3.9,3.91,3.892,3.894,3.9,1,3.9,0.15,3.9,3.9,474.0,77929.0,303766.918,EUR,EE3100137985
2022-04-22,3.90881686,3.91,3.916,3.9,3.9,3.906,1,3.906,0.15,3.906,3.906,467.0,32757.0,128041.114,EUR,EE3100137985
2022-04-25,3.89889438,3.906,3.908,3.894,3.906,3.9,1,3.9,-0.15,3.9,3.9,492.0,92983.0,362530.896,EUR,EE3100137985
2022-04-26,3.9078125,3.91,3.936,3.9,3.9,3.912,1,3.912,0.31,3.912,3.912,528.0,112033.0,437803.958,EUR,EE3100137985
2022-04-27,3.90230529,3.9,3.912,3.896,3.912,3.91,1,3.91,-0.05,3.91,3.91,350.0,45839.0,178877.772,EUR,EE3100137985
2022-04-28,3.91897714,3.912,3.93,3.91,3.91,3.92,1,3.92,0.26,3.92,3.92,314.0,61146.0,239629.776,EUR,EE3100137985
2022-04-29,3.92301385,3.91,3.95,3.91,3.92,3.948,1,3.948,0.71,3.948,3.948,359.0,49232.0,193137.818,EUR,EE3100137985
2022-05-02,3.94493701,3.95,3.96,3.932,3.948,3.94,1,3.94,-0.2,3.94,3.94,448.0,319794.0,1259779.784,EUR,EE3100137985
2022-05-03,3.94390657,3.94,3.956,3.932,3.94,3.936,1,3.936,-0.1,3.936,3.936,448.0,53773.0,212075.688,EUR,EE3100137985
2022-05-04,3.93939206,3.936,3.94,3.936,3.936,3.938,1,3.938,0.05,3.938,3.938,357.0,82899.0,326571.662,EUR,EE3100137985
2022-05-05,4.01391525,4.02,4.06,3.986,3.938,4.0,1,4.0,1.57,4.0,4.0,827.0,137723.0,552808.45,EUR,EE3100137985
2022-05-06,3.96014654,3.998,3.998,3.94,4.0,3.94,1,3.94,-1.5,3.94,3.94,912.0,150322.0,595297.148,EUR,EE3100137985
2022-05-09,3.88211251,3.938,3.94,3.826,3.94,3.856,1,3.856,-2.13,3.856,3.856,1211.0,152039.0,590232.504,EUR,EE3100137985
2022-05-10,3.86562244,3.84,3.896,3.832,3.856,3.894,1,3.894,0.99,3.894,3.894,608.0,74790.0,289109.902,EUR,EE3100137985
2022-05-11,3.90096319,3.894,3.92,3.882,3.894,3.9,1,3.9,0.15,3.9,3.9,452.0,61778.0,240993.704,EUR,EE3100137985
2022-05-12,3.87159856,3.88,3.89,3.858,3.9,3.864,1,3.864,-0.92,3.864,3.864,706.0,104852.0,405944.852,EUR,EE3100137985
2022-05-13,3.89469288,3.88,3.92,3.87,3.864,3.886,1,3.886,0.57,3.886,3.886,674.0,70933.0,276262.25,EUR,EE3100137985
2022-05-16,3.88021339,3.86,3.916,3.852,3.886,3.87,1,3.87,-0.41,3.87,3.87,691.0,70914.0,275161.452,EUR,EE3100137985
2022-05-17,3.86494514,3.862,3.88,3.858,3.87,3.872,1,3.872,0.05,3.872,3.872,657.0,47337.0,182954.908,EUR,EE3100137985
2022-05-18,3.88732734,3.9,3.9,3.876,3.872,3.882,1,3.882,0.26,3.882,3.882,530.0,71228.0,276886.552,EUR,EE3100137985
2022-05-19,3.86044045,3.878,3.88,3.85,3.882,3.85,1,3.85,-0.82,3.85,3.85,640.0,90381.0,348910.468,EUR,EE3100137985
2022-05-20,3.88204635,3.87,3.894,3.87,3.85,3.892,1,3.892,1.09,3.892,3.892,531.0,84410.0,327683.532,EUR,EE3100137985
2022-05-23,3.92468463,3.894,3.948,3.894,3.892,3.94,1,3.94,1.23,3.938,3.94,504.0,56144.0,220347.494,EUR,EE3100137985
2022-05-24,3.9261666,3.94,3.942,3.9,3.94,3.91,1,3.91,-0.76,3.91,3.91,672.0,72701.0,285436.238,EUR,EE3100137985
2022-05-25,3.93457024,3.92,3.94,3.92,3.91,3.938,1,3.938,0.72,3.938,3.938,367.0,55699.0,219151.628,EUR,EE3100137985
2022-05-27,4.02213333,3.962,4.08,3.962,3.938,4.07,1,4.07,3.35,4.07,4.07,1052.0,264391.0,1063415.852,EUR,EE3100137985
2022-05-30,4.10103491,4.09,4.14,4.08,4.07,4.1,1,4.1,0.74,4.1,4.1,800.0,206439.0,846613.546,EUR,EE3100137985
2022-05-31,4.03476296,4.0,4.1,3.954,4.1,4.1,1,4.1,,4.1,4.1,956.0,295738.0,1193232.728,EUR,EE3100137985
2022-06-01,4.05137873,4.05,4.088,4.002,4.1,4.076,1,4.076,-0.59,4.076,4.076,410.0,81890.0,331767.404,EUR,EE3100137985
2022-06-02,3.98787033,4.02,4.024,3.974,4.076,3.98,1,3.98,-2.36,3.98,3.98,722.0,145211.0,579082.638,EUR,EE3100137985
2022-06-03,3.97665471,3.97,3.984,3.962,3.98,3.97,1,3.97,-0.25,3.97,3.97,354.0,51620.0,205274.916,EUR,EE3100137985
2022-06-06,3.94367728,3.952,3.968,3.932,3.97,3.94,1,3.94,-0.76,3.94,3.94,437.0,48234.0,190219.33,EUR,EE3100137985
2022-06-07,3.93834456,3.948,3.948,3.9,3.94,3.904,1,3.904,-0.91,3.904,3.904,475.0,148120.0,583347.596,EUR,EE3100137985
2022-06-08,3.91730876,3.922,3.926,3.904,3.904,3.912,1,3.912,0.2,3.912,3.912,1417.0,93073.0,364595.678,EUR,EE3100137985
2022-06-09,3.94253627,3.914,3.96,3.914,3.912,3.958,1,3.958,1.18,3.958,3.958,1150.0,71587.0,282234.344,EUR,EE3100137985
2022-06-10,3.95717049,3.95,3.986,3.93,3.958,3.95,1,3.95,-0.2,3.95,3.95,918.0,384536.0,1521674.512,EUR,EE3100137985
2022-06-13,3.92109907,3.916,3.95,3.91,3.95,3.918,1,3.918,-0.81,3.918,3.918,874.0,65557.0,257055.492,EUR,EE3100137985
2022-06-14,3.87194811,3.9,3.9,3.848,3.918,3.876,1,3.876,-1.07,3.876,3.876,1163.0,124059.0,480350.01,EUR,EE3100137985
2022-06-15,3.8352354,3.872,3.876,3.802,3.876,3.814,1,3.814,-1.6,3.814,3.814,962.0,113842.0,436610.868,EUR,EE3100137985
2022-06-16,3.80303267,3.81,3.836,3.762,3.814,3.78,1,3.78,-0.89,3.78,3.78,1015.0,130353.0,495736.718,EUR,EE3100137985
2022-06-17,3.74079167,3.776,3.776,3.714,3.78,3.758,1,3.758,-0.58,3.758,3.758,937.0,91286.0,341481.908,EUR,EE3100137985
2022-06-20,3.78849987,3.75,3.82,3.742,3.758,3.802,1,3.802,1.17,3.802,3.802,660.0,46400.0,175786.394,EUR,EE3100137985
2022-06-21,3.82232601,3.804,3.844,3.804,3.802,3.826,1,3.826,0.63,3.826,3.826,507.0,78475.0,299957.034,EUR,EE3100137985
2022-06-22,3.8171561,3.822,3.828,3.806,3.826,3.822,1,3.822,-0.1,3.822,3.822,340.0,54926.0,209661.116,EUR,EE3100137985
2022-06-23,,3.822,,,3.822,3.822,1,3.822,,,,,,,EUR,EE3100137985
2022-06-24,,3.822,,,3.822,3.822,1,3.822,,,,,,,EUR,EE3100137985
2022-06-27,3.87202931,3.84,3.896,3.84,3.822,3.89,1,3.89,1.78,3.89,3.89,740.0,77786.0,301189.672,EUR,EE3100137985
2022-06-28,3.91711726,3.9,3.93,3.892,3.89,3.926,1,3.926,0.93,3.926,3.926,447.0,64345.0,252046.91,EUR,EE3100137985
2022-06-29,3.91678119,3.92,3.928,3.902,3.926,3.926,1,3.926,,3.926,3.926,470.0,87065.0,341014.554,EUR,EE3100137985
2022-06-30,3.92662423,3.926,3.95,3.92,3.926,3.936,1,3.936,0.25,3.936,3.936,563.0,129417.0,508171.928,EUR,EE3100137985
2022-07-01,3.93177381,3.938,3.942,3.918,3.936,3.94,1,3.94,0.1,3.94,3.94,420.0,38048.0,149596.13,EUR,EE3100137985
2022-07-04,3.94303768,3.942,3.948,3.94,3.94,3.94,1,3.94,,3.94,3.94,275.0,29354.0,115743.928,EUR,EE3100137985
2022-07-05,3.92753659,3.934,3.94,3.918,3.94,3.926,1,3.926,-0.36,3.926,3.926,413.0,62618.0,245934.486,EUR,EE3100137985
2022-07-06,3.93216341,3.928,3.94,3.922,3.926,3.93,1,3.93,0.1,3.93,3.93,315.0,50696.0,199344.956,EUR,EE3100137985
2022-07-07,3.92426505,3.938,3.944,3.9,3.93,3.93,1,3.93,,3.93,3.932,713.0,76907.0,301803.452,EUR,EE3100137985
2022-07-08,3.94826997,3.944,3.96,3.944,3.93,3.952,1,3.952,0.56,3.952,3.952,484.0,101395.0,400334.834,EUR,EE3100137985
2022-07-11,3.94842974,3.952,3.966,3.92,3.952,3.938,1,3.938,-0.35,3.934,3.94,865.0,52353.0,206712.142,EUR,EE3100137985
2022-07-12,3.92792365,3.922,3.936,3.922,3.938,3.93,1,3.93,-0.2,3.93,3.93,446.0,88257.0,346666.758,EUR,EE3100137985
2022-07-13,3.94298862,3.94,3.954,3.936,3.93,3.948,1,3.948,0.46,3.948,3.948,387.0,63361.0,249831.702,EUR,EE3100137985
2022-07-14,3.96004458,3.954,3.97,3.95,3.948,3.954,1,3.954,0.15,3.954,3.954,448.0,82016.0,324787.016,EUR,EE3100137985
2022-07-15,3.95694892,3.952,3.968,3.95,3.954,3.968,1,3.968,0.35,3.968,3.968,770.0,81931.0,324196.782,EUR,EE3100137985
2022-07-18,3.98055446,3.972,3.996,3.97,3.968,3.99,1,3.99,0.55,3.99,3.99,395.0,49876.0,198534.134,EUR,EE3100137985
2022-07-19,3.98197791,3.99,3.99,3.974,3.99,3.978,1,3.978,-0.3,3.978,3.978,389.0,24812.0,98800.836,EUR,EE3100137985
2022-07-20,3.99893945,3.984,4.02,3.984,3.978,3.994,1,3.994,0.4,3.994,3.994,693.0,67333.0,269260.59,EUR,EE3100137985
2022-07-21,4.02224561,3.994,4.062,3.992,3.994,4.05,1,4.05,1.4,4.052,4.056,838.0,70004.0,281573.282,EUR,EE3100137985
2022-07-22,4.04973114,4.062,4.09,4.022,4.05,4.036,1,4.036,-0.35,4.036,4.036,684.0,29844.0,120860.176,EUR,EE3100137985
2022-07-25,4.01726794,4.022,4.028,4.002,4.036,4.02,1,4.02,-0.4,4.02,4.02,685.0,42122.0,169215.36,EUR,EE3100137985
2022-07-26,4.02489636,4.02,4.04,4.012,4.02,4.038,1,4.038,0.45,4.038,4.038,710.0,39348.0,158371.622,EUR,EE3100137985
2022-07-27,4.05396018,4.044,4.074,4.024,4.038,4.068,1,4.068,0.74,4.064,4.068,904.0,75239.0,305015.91,EUR,EE3100137985
2022-07-28,4.14022201,4.086,4.184,4.086,4.068,4.176,1,4.176,2.65,4.176,4.176,1056.0,160548.0,664704.364,EUR,EE3100137985
2022-07-29,4.19119119,4.178,4.2,4.172,4.176,4.186,1,4.186,0.24,4.186,4.186,613.0,132021.0,553325.252,EUR,EE3100137985
2022-08-01,4.16187699,4.184,4.188,4.13,4.186,4.17,1,4.17,-0.38,4.17,4.17,684.0,86335.0,359315.65,EUR,EE3100137985
2022-08-02,4.16643908,4.164,4.184,4.15,4.17,4.156,1,4.156,-0.34,4.154,4.156,770.0,68808.0,286684.34,EUR,EE3100137985
2022-08-03,4.1913745,4.156,4.244,4.144,4.156,4.22,1,4.22,1.54,4.22,4.22,830.0,118325.0,495944.388,EUR,EE3100137985
2022-08-04,4.28097658,4.236,4.334,4.236,4.22,4.288,1,4.288,1.61,4.288,4.288,1341.0,239838.0,1026740.862,EUR,EE3100137985
2022-08-05,4.371293,4.29,4.42,4.29,4.288,4.39,1,4.39,2.38,4.39,4.39,874.0,121516.0,531182.04,EUR,EE3100137985
2022-08-08,4.45433117,4.392,4.498,4.392,4.39,4.486,1,4.486,2.19,4.486,4.486,1108.0,161161.0,717864.466,EUR,EE3100137985
2022-08-09,4.55604717,4.496,4.598,4.494,4.486,4.59,1,4.59,2.32,4.59,4.59,1357.0,207800.0,946746.602,EUR,EE3100137985
2022-08-10,4.72127363,4.614,4.886,4.614,4.59,4.856,1,4.856,5.8,4.856,4.856,1363.0,238349.0,1125310.848,EUR,EE3100137985
2022-08-11,4.70236441,4.872,4.932,4.512,4.856,4.59,1,4.59,-5.48,4.59,4.59,2268.0,305536.0,1436741.612,EUR,EE3100137985
2022-08-12,4.50750668,4.61,4.644,4.37,4.59,4.626,1,4.626,0.78,4.626,4.626,1413.0,209351.0,943651.03,EUR,EE3100137985
2022-08-15,4.75207207,4.632,4.8,4.626,4.626,4.78,1,4.78,3.33,4.78,4.78,1062.0,161583.0,767854.062,EUR,EE3100137985
2022-08-16,4.7917392,4.812,4.86,4.704,4.78,4.788,1,4.788,0.17,4.788,4.788,922.0,105293.0,504536.596,EUR,EE3100137985
2022-08-17,4.78858361,4.8,4.876,4.68,4.788,4.734,1,4.734,-1.13,4.734,4.734,926.0,142619.0,682943.006,EUR,EE3100137985
2022-08-18,4.68206466,4.702,4.724,4.626,4.734,4.724,1,4.724,-0.21,4.724,4.724,855.0,111572.0,522387.318,EUR,EE3100137985
2022-08-19,4.65428086,4.7,4.7,4.62,4.724,4.628,1,4.628,-2.03,4.628,4.628,506.0,47618.0,221627.546,EUR,EE3100137985
2022-08-22,4.51521918,4.596,4.596,4.464,4.628,4.476,1,4.476,-3.28,4.476,4.476,958.0,127845.0,577248.196,EUR,EE3100137985
2022-08-23,4.4755562,4.448,4.584,4.38,4.476,4.514,1,4.514,0.85,4.514,4.514,820.0,101988.0,456453.026,EUR,EE3100137985
2022-08-24,4.53942315,4.522,4.578,4.52,4.514,4.528,1,4.528,0.31,4.528,4.528,370.0,59489.0,270045.744,EUR,EE3100137985
2022-08-25,4.55150249,4.54,4.566,4.54,4.528,4.552,1,4.552,0.53,4.552,4.552,373.0,70234.0,319670.226,EUR,EE3100137985
2022-08-26,4.54953619,4.55,4.56,4.532,4.552,4.554,1,4.554,0.04,4.554,4.554,346.0,51836.0,235829.758,EUR,EE3100137985
2022-08-29,4.48564653,4.528,4.53,4.446,4.554,4.45,1,4.45,-2.28,4.45,4.45,616.0,87786.0,393776.966,EUR,EE3100137985
2022-08-30,4.49098895,4.45,4.51,4.45,4.45,4.5,1,4.5,1.12,4.5,4.5,546.0,62145.0,279092.508,EUR,EE3100137985
2022-08-31,4.52667696,4.51,4.562,4.49,4.5,4.54,1,4.54,0.89,4.54,4.54,382.0,70040.0,317048.454,EUR,EE3100137985
2022-09-01,4.53759967,4.552,4.558,4.522,4.54,4.548,1,4.548,0.18,4.548,4.548,358.0,41771.0,189540.076,EUR,EE3100137985
2022-09-02,4.54286529,4.566,4.566,4.522,4.548,4.55,1,4.55,0.04,4.55,4.55,381.0,59550.0,270527.628,EUR,EE3100137985
2022-09-05,4.51453178,4.53,4.548,4.5,4.55,4.526,1,4.526,-0.53,4.526,4.526,455.0,65651.0,296383.526,EUR,EE3100137985
2022-09-06,4.49462179,4.504,4.52,4.482,4.526,4.508,1,4.508,-0.4,4.508,4.508,454.0,61252.0,275304.574,EUR,EE3100137985
2022-09-07,4.51574336,4.502,4.54,4.49,4.508,4.534,1,4.534,0.58,4.534,4.534,468.0,91590.0,413596.934,EUR,EE3100137985
2022-09-08,4.54923596,4.534,4.564,4.534,4.534,4.564,1,4.564,0.66,4.564,4.564,357.0,57494.0,261553.772,EUR,EE3100137985
2022-09-09,4.57090494,4.564,4.588,4.552,4.564,4.572,1,4.572,0.18,4.572,4.572,496.0,73304.0,335065.616,EUR,EE3100137985
2022-09-12,4.53914689,4.572,4.576,4.504,4.572,4.542,1,4.542,-0.66,4.542,4.542,720.0,99946.0,453452.43,EUR,EE3100137985
2022-09-13,4.50833622,4.52,4.536,4.5,4.542,4.504,1,4.504,-0.84,4.504,4.504,451.0,62750.0,282898.098,EUR,EE3100137985
2022-09-14,4.47704665,4.48,4.504,4.41,4.504,4.498,1,4.498,-0.13,4.498,4.498,591.0,65076.0,291348.288,EUR,EE3100137985
2022-09-15,4.51694686,4.494,4.532,4.494,4.498,4.524,1,4.524,0.58,4.52,4.524,657.0,37621.0,169932.058,EUR,EE3100137985
2022-09-16,4.48656021,4.518,4.518,4.456,4.524,4.46,1,4.46,-1.41,4.46,4.46,574.0,61909.0,277758.456,EUR,EE3100137985
2022-09-19,4.40113541,4.458,4.458,4.366,4.46,4.374,1,4.374,-1.93,4.374,4.374,919.0,79467.0,349745.028,EUR,EE3100137985
2022-09-20,4.35351251,4.38,4.41,4.306,4.374,4.306,1,4.306,-1.55,4.306,4.306,794.0,65528.0,285276.968,EUR,EE3100137985
2022-09-21,4.21237705,4.298,4.298,4.184,4.306,4.2,1,4.2,-2.46,4.2,4.2,1104.0,156711.0,660125.82,EUR,EE3100137985
2022-09-22,4.12569358,4.17,4.186,4.078,4.2,4.09,1,4.09,-2.62,4.09,4.09,1292.0,161291.0,665437.244,EUR,EE3100137985
2022-09-23,4.09936492,4.02,4.16,4.018,4.09,4.064,1,4.064,-0.64,4.064,4.064,1124.0,146510.0,600597.954,EUR,EE3100137985
2022-09-26,4.07680151,4.064,4.106,4.044,4.064,4.078,1,4.078,0.34,4.076,4.078,696.0,52543.0,214207.382,EUR,EE3100137985
2022-09-27,4.12482726,4.086,4.178,4.084,4.078,4.15,1,4.15,1.77,4.15,4.15,708.0,105195.0,433911.204,EUR,EE3100137985
2022-09-28,4.15229446,4.152,4.178,4.126,4.15,4.158,1,4.158,0.19,4.158,4.158,474.0,58711.0,243785.36,EUR,EE3100137985
2022-09-29,4.1758103,4.16,4.2,4.158,4.158,4.184,1,4.184,0.63,4.184,4.184,445.0,55783.0,232939.226,EUR,EE3100137985
2022-09-30,4.17471171,4.18,4.198,4.16,4.184,4.19,1,4.19,0.14,4.19,4.19,516.0,90087.0,376087.254,EUR,EE3100137985
2022-10-03,4.17449344,4.196,4.198,4.132,4.19,4.138,1,4.138,-1.24,4.138,4.138,573.0,79191.0,330582.31,EUR,EE3100137985
2022-10-04,4.1533336,4.152,4.186,4.14,4.138,4.16,1,4.16,0.53,4.16,4.16,475.0,52416.0,217701.134,EUR,EE3100137985
2022-10-05,4.16415377,4.184,4.19,4.15,4.16,4.156,1,4.156,-0.1,4.156,4.156,529.0,90822.0,378196.774,EUR,EE3100137985
2022-10-06,4.17966774,4.162,4.186,4.162,4.156,4.182,1,4.182,0.63,4.182,4.182,292.0,35274.0,147433.6,EUR,EE3100137985
2022-10-07,4.19002366,4.184,4.224,4.17,4.182,4.2,1,4.2,0.43,4.2,4.2,394.0,38293.0,160448.576,EUR,EE3100137985
2022-10-10,4.27138052,4.234,4.316,4.21,4.2,4.298,1,4.298,2.33,4.298,4.298,516.0,50907.0,217443.168,EUR,EE3100137985
2022-10-11,4.30478864,4.3,4.36,4.222,4.298,4.24,1,4.24,-1.35,4.24,4.24,634.0,117915.0,507599.152,EUR,EE3100137985
2022-10-12,4.20572352,4.248,4.274,4.18,4.24,4.194,1,4.194,-1.08,4.194,4.194,654.0,76230.0,320602.304,EUR,EE3100137985
2022-10-13,4.19805772,4.192,4.208,4.192,4.194,4.196,1,4.196,0.05,4.196,4.196,325.0,40544.0,170206.052,EUR,EE3100137985
2022-10-14,4.13825108,4.196,4.196,4.09,4.196,4.12,1,4.12,-1.81,4.12,4.12,897.0,100893.0,417520.566,EUR,EE3100137985
2022-10-17,4.12179103,4.1,4.188,4.094,4.12,4.102,1,4.102,-0.44,4.102,4.102,574.0,53405.0,220124.25,EUR,EE3100137985
2022-10-18,4.09935376,4.144,4.144,4.08,4.102,4.106,1,4.106,0.1,4.106,4.106,422.0,56255.0,230609.146,EUR,EE3100137985
2022-10-19,4.10930917,4.11,4.12,4.102,4.106,4.11,1,4.11,0.1,4.11,4.11,275.0,29246.0,120180.856,EUR,EE3100137985
2022-10-20,4.10277597,4.114,4.118,4.08,4.11,4.088,1,4.088,-0.54,4.086,4.088,365.0,55899.0,229341.074,EUR,EE3100137985
2022-10-21,4.08379442,4.08,4.096,4.076,4.088,4.084,1,4.084,-0.1,4.084,4.084,280.0,22103.0,90264.108,EUR,EE3100137985
2022-10-24,4.12933756,4.09,4.176,4.09,4.084,4.176,1,4.176,2.25,4.176,4.176,360.0,47745.0,197155.222,EUR,EE3100137985
2022-10-25,4.17926727,4.18,4.198,4.156,4.176,4.198,1,4.198,0.53,4.198,4.198,467.0,69308.0,289656.656,EUR,EE3100137985
2022-10-26,4.21254109,4.21,4.24,4.202,4.198,4.216,1,4.216,0.43,4.216,4.216,586.0,179108.0,754499.809,EUR,EE3100137985
2022-10-27,4.19136584,4.204,4.204,4.172,4.216,4.196,1,4.196,-0.47,4.196,4.196,332.0,302500.0,1267888.166,EUR,EE3100137985
2022-10-28,4.19260733,4.196,4.2,4.162,4.196,4.17,1,4.17,-0.62,4.17,4.17,315.0,193434.0,810992.807,EUR,EE3100137985
2022-10-31,4.17743117,4.18,4.192,4.166,4.17,4.18,1,4.18,0.24,4.18,4.18,318.0,34506.0,144146.44,EUR,EE3100137985
2022-11-01,4.18178841,4.17,4.194,4.17,4.18,4.18,1,4.18,,4.18,4.18,425.0,51997.0,217440.452,EUR,EE3100137985
2022-11-02,4.17227992,4.18,4.184,4.162,4.18,4.174,1,4.174,-0.14,4.174,4.174,402.0,104474.0,435894.772,EUR,EE3100137985
2022-11-03,4.20223201,4.186,4.24,4.182,4.174,4.19,1,4.19,0.38,4.19,4.19,787.0,151169.0,635247.21,EUR,EE3100137985
2022-11-04,4.19742518,4.198,4.236,4.172,4.19,4.18,1,4.18,-0.24,4.18,4.18,797.0,106715.0,447928.228,EUR,EE3100137985
2022-11-07,4.16736237,4.186,4.188,4.15,4.18,4.16,1,4.16,-0.48,4.16,4.16,699.0,89350.0,372353.828,EUR,EE3100137985
2022-11-08,4.16141778,4.16,4.176,4.15,4.16,4.16,1,4.16,,4.16,4.16,569.0,65553.0,272793.42,EUR,EE3100137985
2022-11-09,4.16436827,4.16,4.176,4.156,4.16,4.166,1,4.166,0.14,4.166,4.166,347.0,38390.0,159870.098,EUR,EE3100137985
2022-11-10,4.1714736,4.16,4.186,4.16,4.166,4.18,1,4.18,0.34,4.18,4.18,303.0,31869.0,132940.692,EUR,EE3100137985
2022-11-11,4.19648031,4.192,4.2,4.19,4.18,4.2,1,4.2,0.48,4.2,4.2,464.0,70255.0,294845.782,EUR,EE3100137985
2022-11-14,4.20219183,4.206,4.218,4.194,4.2,4.198,1,4.198,-0.05,4.198,4.198,452.0,65682.0,276008.364,EUR,EE3100137985
2022-11-15,4.20325085,4.2,4.212,4.194,4.198,4.196,1,4.196,-0.05,4.196,4.196,342.0,81799.0,343821.716,EUR,EE3100137985
2022-11-16,4.20781909,4.198,4.218,4.198,4.196,4.21,1,4.21,0.33,4.21,4.21,484.0,70158.0,295212.172,EUR,EE3100137985
2022-11-17,4.21038264,4.21,4.218,4.204,4.21,4.218,1,4.218,0.19,4.218,4.218,434.0,57704.0,242955.92,EUR,EE3100137985
2022-11-18,4.22681335,4.218,4.24,4.214,4.218,4.24,1,4.24,0.52,4.24,4.24,288.0,41714.0,176317.292,EUR,EE3100137985
2022-11-21,4.24169362,4.25,4.256,4.234,4.24,4.24,1,4.24,,4.24,4.24,451.0,263439.0,1117427.526,EUR,EE3100137985
2022-11-22,4.22691795,4.242,4.25,4.202,4.24,4.21,1,4.21,-0.71,4.21,4.21,611.0,49458.0,209054.908,EUR,EE3100137985
2022-11-23,4.22142204,4.218,4.23,4.212,4.21,4.224,1,4.224,0.33,4.224,4.224,522.0,90224.0,380859.362,EUR,EE3100137985
2022-11-24,4.22321096,4.224,4.232,4.214,4.224,4.224,1,4.224,,4.224,4.224,360.0,89009.0,375903.784,EUR,EE3100137985
2022-11-25,4.22311198,4.222,4.226,4.22,4.224,4.226,1,4.226,0.05,4.226,4.226,567.0,48769.0,205956.948,EUR,EE3100137985
2022-11-28,4.22818307,4.23,4.24,4.214,4.226,4.22,1,4.22,-0.14,4.22,4.22,855.0,121722.0,514662.9,EUR,EE3100137985
2022-11-29,4.25837327,4.232,4.288,4.232,4.22,4.288,1,4.288,1.61,4.288,4.288,776.0,120224.0,511958.668,EUR,EE3100137985
2022-11-30,4.34113928,4.29,4.422,4.29,4.288,4.422,1,4.422,3.12,4.422,4.422,995.0,134936.0,585775.97,EUR,EE3100137985
2022-12-01,4.39459111,4.45,4.47,4.34,4.422,4.38,1,4.38,-0.95,4.38,4.38,634.0,134960.0,593094.016,EUR,EE3100137985
2022-12-02,4.36222208,4.38,4.39,4.35,4.38,4.352,1,4.352,-0.64,4.352,4.352,541.0,93148.0,406332.262,EUR,EE3100137985
2022-12-05,4.39360446,4.354,4.44,4.354,4.352,4.406,1,4.406,1.24,4.406,4.406,651.0,120979.0,531533.874,EUR,EE3100137985
2022-12-06,4.38653546,4.41,4.42,4.364,4.406,4.374,1,4.374,-0.73,4.374,4.374,610.0,98607.0,432543.102,EUR,EE3100137985
2022-12-07,4.37024091,4.38,4.38,4.358,4.374,4.362,1,4.362,-0.27,4.362,4.362,423.0,39974.0,174696.01,EUR,EE3100137985
2022-12-08,4.38797907,4.372,4.398,4.372,4.362,4.39,1,4.39,0.64,4.39,4.39,409.0,59714.0,262023.782,EUR,EE3100137985
2022-12-09,4.40896873,4.402,4.442,4.392,4.39,4.392,1,4.392,0.05,4.392,4.392,750.0,95921.0,422912.69,EUR,EE3100137985
2022-12-12,4.39967188,4.396,4.416,4.394,4.392,4.396,1,4.396,0.09,4.396,4.396,425.0,64183.0,282384.14,EUR,EE3100137985
2022-12-13,4.39962582,4.4,4.402,4.396,4.396,4.4,1,4.4,0.09,4.4,4.4,371.0,63793.0,280665.33,EUR,EE3100137985
2022-12-14,4.43313566,4.402,4.444,4.402,4.4,4.438,1,4.438,0.86,4.438,4.438,448.0,67675.0,300012.456,EUR,EE3100137985
2022-12-15,4.43833892,4.442,4.468,4.406,4.438,4.412,1,4.412,-0.59,4.412,4.412,459.0,56958.0,252798.908,EUR,EE3100137985
2022-12-16,4.43024647,4.424,4.442,4.42,4.412,4.43,1,4.43,0.41,4.43,4.43,567.0,63544.0,281515.582,EUR,EE3100137985
2022-12-19,4.42051692,4.43,4.438,4.404,4.43,4.41,1,4.41,-0.45,4.408,4.41,388.0,42316.0,187058.594,EUR,EE3100137985
2022-12-20,4.36705687,4.41,4.41,4.334,4.41,4.342,1,4.342,-1.54,4.342,4.342,635.0,62112.0,271246.636,EUR,EE3100137985
2022-12-21,4.3569681,4.342,4.378,4.342,4.342,4.372,1,4.372,0.69,4.372,4.372,290.0,34197.0,148995.238,EUR,EE3100137985
2022-12-22,4.36815168,4.382,4.39,4.352,4.372,4.36,1,4.36,-0.27,4.36,4.36,302.0,19080.0,83344.334,EUR,EE3100137985
2022-12-23,4.37514606,4.36,4.4,4.348,4.36,4.386,1,4.386,0.6,4.386,4.386,406.0,49451.0,216355.348,EUR,EE3100137985
2022-12-27,4.39650984,4.4,4.404,4.386,4.386,4.392,1,4.392,0.14,4.392,4.392,383.0,36266.0,159443.826,EUR,EE3100137985
2022-12-28,4.37966409,4.39,4.39,4.372,4.392,4.38,1,4.38,-0.27,4.38,4.38,410.0,41850.0,183288.942,EUR,EE3100137985
2022-12-29,4.37044044,4.37,4.376,4.36,4.38,4.372,1,4.372,-0.18,4.372,4.372,360.0,24621.0,107604.614,EUR,EE3100137985
2022-12-30,4.36724073,4.372,4.378,4.36,4.372,4.378,1,4.378,0.14,4.378,4.378,384.0,33851.0,147835.466,EUR,EE3100137985
2023-01-02,4.38673735,4.378,4.408,4.36,4.378,4.408,1,4.408,0.69,4.408,4.408,433.0,39848.0,174802.71,EUR,EE3100137985
2023-01-03,4.42760404,4.414,4.45,4.402,4.408,4.42,1,4.42,0.27,4.42,4.42,480.0,73446.0,325189.806,EUR,EE3100137985
2023-01-04,4.42685338,4.45,4.46,4.406,4.42,4.414,1,4.414,-0.14,4.414,4.414,544.0,71316.0,315705.476,EUR,EE3100137985
2023-01-05,4.40248501,4.42,4.43,4.382,4.414,4.386,1,4.386,-0.63,4.386,4.386,599.0,74456.0,327791.424,EUR,EE3100137985
2023-01-06,4.38786138,4.39,4.4,4.378,4.386,4.378,1,4.378,-0.18,4.378,4.378,539.0,83988.0,368527.702,EUR,EE3100137985
2023-01-09,4.39044871,4.384,4.408,4.38,4.378,4.388,1,4.388,0.23,4.388,4.388,539.0,70776.0,310738.398,EUR,EE3100137985
2023-01-10,4.40102043,4.4,4.448,4.394,4.388,4.396,1,4.396,0.18,4.396,4.396,513.0,58750.0,258559.95,EUR,EE3100137985
2023-01-11,4.40027103,4.402,4.44,4.39,4.396,4.39,1,4.39,-0.14,4.39,4.39,649.0,76930.0,338512.85,EUR,EE3100137985
2023-01-12,4.36716175,4.39,4.39,4.356,4.39,4.36,1,4.36,-0.68,4.36,4.36,1026.0,138004.0,602685.79,EUR,EE3100137985
2023-01-13,4.37452408,4.37,4.394,4.36,4.36,4.394,1,4.394,0.78,4.394,4.394,345.0,44585.0,195038.156,EUR,EE3100137985
2023-01-16,4.39482052,4.382,4.41,4.382,4.394,4.402,1,4.402,0.18,4.402,4.402,496.0,55952.0,245898.998,EUR,EE3100137985
2023-01-17,4.3886886,4.404,4.434,4.368,4.402,4.372,1,4.372,-0.68,4.372,4.372,575.0,125513.0,550837.472,EUR,EE3100137985
2023-01-18,4.37820542,4.372,4.42,4.37,4.372,4.376,1,4.376,0.09,4.376,4.376,435.0,51037.0,223450.47,EUR,EE3100137985
2023-01-19,4.38090802,4.386,4.394,4.37,4.376,4.37,1,4.37,-0.14,4.37,4.37,488.0,54349.0,238097.97,EUR,EE3100137985
2023-01-20,4.37442247,4.364,4.394,4.364,4.37,4.384,1,4.384,0.32,4.384,4.384,383.0,42720.0,186875.328,EUR,EE3100137985
2023-01-23,4.39394792,4.4,4.4,4.38,4.384,4.396,1,4.396,0.27,4.396,4.396,373.0,29917.0,131453.74,EUR,EE3100137985
2023-01-24,4.40222001,4.41,4.418,4.38,4.396,4.388,1,4.388,-0.18,4.388,4.388,533.0,79069.0,348079.134,EUR,EE3100137985
2023-01-25,4.37184474,4.39,4.398,4.35,4.388,4.36,1,4.36,-0.64,4.36,4.36,1257.0,199171.0,870744.688,EUR,EE3100137985
2023-01-26,4.38948288,4.37,4.4,4.368,4.36,4.398,1,4.398,0.87,4.398,4.398,477.0,83972.0,368593.656,EUR,EE3100137985
2023-01-27,4.40049323,4.4,4.408,4.394,4.398,4.4,1,4.4,0.05,4.4,4.4,473.0,103991.0,457611.692,EUR,EE3100137985
2023-01-30,4.40019021,4.41,4.412,4.39,4.4,4.398,1,4.398,-0.05,4.398,4.398,498.0,39683.0,174612.748,EUR,EE3100137985
2023-01-31,4.3774934,4.394,4.398,4.36,4.398,4.38,1,4.38,-0.41,4.38,4.38,719.0,137390.0,601423.818,EUR,EE3100137985
2023-02-01,4.37407892,4.386,4.39,4.36,4.38,4.366,1,4.366,-0.32,4.366,4.366,789.0,160360.0,701427.296,EUR,EE3100137985
2023-02-02,4.37929617,4.376,4.394,4.37,4.366,4.38,1,4.38,0.32,4.38,4.38,535.0,61128.0,267697.616,EUR,EE3100137985
2023-02-03,4.36836424,4.376,4.382,4.354,4.38,4.354,1,4.354,-0.59,4.354,4.354,816.0,144680.0,632014.938,EUR,EE3100137985
2023-02-06,4.37155056,4.364,4.38,4.36,4.354,4.372,1,4.372,0.41,4.372,4.372,645.0,69522.0,303918.938,EUR,EE3100137985
2023-02-07,4.36185307,4.378,4.38,4.344,4.372,4.35,1,4.35,-0.5,4.35,4.35,1022.0,151035.0,658792.479,EUR,EE3100137985
2023-02-08,4.33826822,4.36,4.364,4.322,4.35,4.322,1,4.322,-0.64,4.322,4.322,976.0,97099.0,421241.506,EUR,EE3100137985
2023-02-09,4.32546763,4.33,4.35,4.3,4.322,4.3,1,4.3,-0.51,4.3,4.3,953.0,131370.0,568236.682,EUR,EE3100137985
2023-02-10,4.2670155,4.3,4.326,4.216,4.3,4.216,1,4.216,-1.95,4.216,4.216,1294.0,150556.0,642424.786,EUR,EE3100137985
2023-02-13,4.26955668,4.236,4.33,4.222,4.216,4.312,1,4.312,2.28,4.312,4.312,796.0,83728.0,357481.442,EUR,EE3100137985
2023-02-14,4.31926374,4.304,4.34,4.304,4.312,4.306,1,4.306,-0.14,4.306,4.306,622.0,70921.0,306326.504,EUR,EE3100137985
2023-02-15,4.28464396,4.3,4.306,4.272,4.306,4.276,1,4.276,-0.7,4.276,4.276,689.0,54733.0,234511.418,EUR,EE3100137985
2023-02-16,4.30964044,4.286,4.322,4.286,4.276,4.314,1,4.314,0.89,4.314,4.314,358.0,17872.0,77021.894,EUR,EE3100137985
2023-02-17,4.30291168,4.314,4.318,4.296,4.314,4.304,1,4.304,-0.23,4.304,4.304,480.0,52672.0,226642.964,EUR,EE3100137985
2023-02-20,4.30737169,4.304,4.32,4.302,4.304,4.306,1,4.306,0.05,4.306,4.306,427.0,38051.0,163899.8,EUR,EE3100137985
2023-02-21,4.30369407,4.31,4.314,4.298,4.306,4.304,1,4.304,-0.05,4.304,4.304,350.0,28118.0,121011.27,EUR,EE3100137985
2023-02-22,4.29946071,4.3,4.306,4.286,4.304,4.3,1,4.3,-0.09,4.296,4.3,319.0,22956.0,98698.42,EUR,EE3100137985
2023-02-23,4.32116894,4.3,4.336,4.298,4.3,4.322,1,4.322,0.51,4.322,4.322,308.0,28258.0,122107.592,EUR,EE3100137985
2023-02-24,,4.322,,,4.322,4.322,1,4.322,,,,,,,EUR,EE3100137985
2023-02-27,4.35412048,4.338,4.37,4.332,4.322,4.364,1,4.364,0.97,4.364,4.364,418.0,41865.0,182285.254,EUR,EE3100137985
2023-02-28,4.39022113,4.364,4.406,4.362,4.364,4.402,1,4.402,0.87,4.402,4.402,563.0,66123.0,290294.592,EUR,EE3100137985
2023-03-01,4.44134518,4.43,4.46,4.412,4.402,4.444,1,4.444,0.95,4.444,4.444,1015.0,167059.0,741966.684,EUR,EE3100137985
2023-03-02,4.41976272,4.45,4.46,4.4,4.444,4.41,1,4.41,-0.77,4.41,4.41,640.0,75869.0,335322.978,EUR,EE3100137985
2023-03-03,4.43328753,4.426,4.45,4.412,4.41,4.43,1,4.43,0.45,4.43,4.43,578.0,112476.0,498638.448,EUR,EE3100137985
2023-03-06,4.45157865,4.442,4.46,4.44,4.43,4.45,1,4.45,0.45,4.45,4.45,517.0,64711.0,288066.106,EUR,EE3100137985
2023-03-07,4.45028269,4.456,4.456,4.444,4.45,4.45,1,4.45,,4.45,4.45,448.0,63277.0,281600.538,EUR,EE3100137985
2023-03-08,4.44238087,4.452,4.452,4.434,4.45,4.444,1,4.444,-0.13,4.444,4.444,474.0,41290.0,183425.906,EUR,EE3100137985
2023-03-09,4.44962601,4.45,4.452,4.446,4.444,4.452,1,4.452,0.18,4.452,4.452,344.0,30081.0,133849.2,EUR,EE3100137985
2023-03-10,4.42860243,4.45,4.45,4.412,4.452,4.432,1,4.432,-0.45,4.432,4.432,706.0,68838.0,304856.134,EUR,EE3100137985
2023-03-13,4.36599747,4.42,4.42,4.32,4.432,4.336,1,4.336,-2.17,4.336,4.336,1322.0,146484.0,639548.774,EUR,EE3100137985
2023-03-14,4.35713673,4.336,4.41,4.332,4.336,4.406,1,4.406,1.61,4.406,4.406,746.0,91556.0,398922.01,EUR,EE3100137985
2023-03-15,4.39373386,4.428,4.43,4.352,4.406,4.38,1,4.38,-0.59,4.38,4.38,568.0,33899.0,148943.184,EUR,EE3100137985
2023-03-16,4.38131933,4.382,4.398,4.352,4.38,4.386,1,4.386,0.14,4.386,4.386,407.0,27608.0,120959.464,EUR,EE3100137985
2023-03-17,4.39932458,4.39,4.414,4.39,4.386,4.398,1,4.398,0.27,4.398,4.398,364.0,40514.0,178234.236,EUR,EE3100137985
2023-03-20,4.38029103,4.39,4.398,4.37,4.398,4.378,1,4.378,-0.45,4.378,4.378,445.0,33103.0,145000.774,EUR,EE3100137985
2023-03-21,4.3765497,4.372,4.39,4.37,4.378,4.37,1,4.37,-0.18,4.37,4.37,451.0,36864.0,161337.128,EUR,EE3100137985
2023-03-22,4.38517483,4.38,4.41,4.37,4.37,4.388,1,4.388,0.41,4.388,4.388,411.0,68631.0,300958.934,EUR,EE3100137985
2023-03-23,4.37428187,4.382,4.384,4.366,4.388,4.372,1,4.372,-0.36,4.372,4.372,320.0,48816.0,213534.944,EUR,EE3100137985
2023-03-24,4.36763386,4.374,4.374,4.36,4.372,4.368,1,4.368,-0.09,4.368,4.368,310.0,33790.0,147582.348,EUR,EE3100137985
2023-03-27,4.36931027,4.37,4.372,4.366,4.368,4.37,1,4.37,0.05,4.37,4.37,303.0,48674.0,212671.808,EUR,EE3100137985
2023-03-28,4.37150095,4.37,4.4,4.352,4.37,4.4,1,4.4,0.69,4.4,4.4,364.0,86364.0,377540.308,EUR,EE3100137985
2023-03-29,4.38167979,4.392,4.396,4.362,4.4,4.394,1,4.394,-0.14,4.394,4.396,306.0,36957.0,161933.74,EUR,EE3100137985
2023-03-30,4.40337969,4.396,4.42,4.394,4.394,4.404,1,4.404,0.23,4.404,4.404,376.0,84013.0,369941.138,EUR,EE3100137985
2023-03-31,4.40773074,4.408,4.414,4.4,4.404,4.402,1,4.402,-0.05,4.402,4.402,341.0,28567.0,125915.644,EUR,EE3100137985
2023-04-03,4.42396425,4.41,4.436,4.408,4.402,4.43,1,4.43,0.64,4.43,4.43,422.0,43408.0,192035.44,EUR,EE3100137985
2023-04-04,4.46309747,4.444,4.542,4.44,4.43,4.54,1,4.54,2.48,4.54,4.54,736.0,91436.0,408087.78,EUR,EE3100137985
2023-04-05,4.55519376,4.55,4.59,4.53,4.54,4.59,1,4.59,1.1,4.59,4.59,849.0,60922.0,277511.514,EUR,EE3100137985
2023-04-06,4.6559307,4.6,4.7,4.6,4.59,4.69,1,4.69,2.18,4.69,4.69,1122.0,140634.0,654782.158,EUR,EE3100137985
2023-04-11,4.6519083,4.7,4.7,4.59,4.69,4.666,1,4.666,-0.51,4.666,4.666,1172.0,132980.0,618610.766,EUR,EE3100137985
2023-04-12,4.69769673,4.7,4.726,4.68,4.666,4.694,1,4.694,0.6,4.694,4.694,640.0,66093.0,310484.87,EUR,EE3100137985
2023-04-13,4.69940012,4.7,4.714,4.68,4.694,4.7,1,4.7,0.13,4.7,4.7,469.0,35247.0,165639.756,EUR,EE3100137985
2023-04-14,4.69268841,4.706,4.706,4.684,4.7,4.694,1,4.694,-0.13,4.694,4.694,446.0,35621.0,167158.254,EUR,EE3100137985
2023-04-17,4.68677365,4.694,4.698,4.68,4.694,4.688,1,4.688,-0.13,4.688,4.688,426.0,24626.0,115416.488,EUR,EE3100137985
2023-04-18,4.68637079,4.694,4.694,4.68,4.688,4.688,1,4.688,,4.688,4.688,429.0,38102.0,178560.1,EUR,EE3100137985
2023-04-19,4.69071338,4.688,4.696,4.682,4.688,4.688,1,4.688,,4.688,4.688,327.0,41546.0,194880.378,EUR,EE3100137985
2023-04-20,4.68886761,4.688,4.698,4.682,4.688,4.698,1,4.698,0.21,4.698,4.698,306.0,40712.0,190893.178,EUR,EE3100137985
2023-04-21,4.68183141,4.698,4.7,4.67,4.698,4.676,1,4.676,-0.47,4.676,4.676,373.0,30606.0,143292.132,EUR,EE3100137985
2023-04-24,4.6592028,4.674,4.676,4.644,4.676,4.66,1,4.66,-0.34,4.66,4.662,515.0,36962.0,172213.454,EUR,EE3100137985
2023-04-25,4.66207108,4.654,4.67,4.652,4.66,4.662,1,4.662,0.04,4.662,4.662,353.0,27689.0,129088.086,EUR,EE3100137985
2023-04-26,4.66524599,4.65,4.68,4.65,4.662,4.68,1,4.68,0.39,4.68,4.68,414.0,97572.0,455197.382,EUR,EE3100137985
2023-04-27,4.68716853,4.684,4.696,4.68,4.68,4.686,1,4.686,0.13,4.686,4.686,351.0,28689.0,134470.178,EUR,EE3100137985
2023-04-28,4.69029239,4.686,4.696,4.684,4.686,4.688,1,4.688,0.04,4.688,4.688,411.0,31198.0,146327.742,EUR,EE3100137985
2023-05-02,4.70116689,4.692,4.72,4.692,4.688,4.702,1,4.702,0.3,4.702,4.702,585.0,72600.0,341304.716,EUR,EE3100137985
2023-05-03,4.69780203,4.692,4.704,4.688,4.702,4.704,1,4.704,0.04,4.704,4.704,588.0,84770.0,398232.678,EUR,EE3100137985
2023-05-04,4.69954561,4.698,4.702,4.696,4.704,4.7,1,4.7,-0.09,4.7,4.7,405.0,66397.0,312035.73,EUR,EE3100137985
2023-05-05,4.70117951,4.7,4.716,4.69,4.7,4.714,1,4.714,0.3,4.714,4.714,476.0,56622.0,266190.186,EUR,EE3100137985
2023-05-08,4.75558489,4.718,4.81,4.718,4.714,4.804,1,4.804,1.91,4.804,4.804,581.0,64831.0,308309.324,EUR,EE3100137985
2023-05-09,4.82435945,4.806,4.848,4.802,4.804,4.822,1,4.822,0.37,4.822,4.822,525.0,44434.0,214365.588,EUR,EE3100137985
2023-05-10,4.829924,4.832,4.846,4.82,4.822,4.84,1,4.84,0.37,4.84,4.84,435.0,29212.0,141091.74,EUR,EE3100137985
2023-05-11,4.83876899,4.82,4.88,4.816,4.84,4.834,1,4.834,-0.12,4.834,4.834,616.0,69260.0,335133.14,EUR,EE3100137985
2023-05-12,4.8438097,4.836,4.868,4.81,4.834,4.86,1,4.86,0.54,4.86,4.86,568.0,26096.0,126404.058,EUR,EE3100137985
2023-05-15,4.85933799,4.86,4.888,4.84,4.86,4.846,1,4.846,-0.29,4.846,4.846,567.0,85841.0,417130.432,EUR,EE3100137985
2023-05-16,4.83109865,4.846,4.86,4.82,4.846,4.822,1,4.822,-0.5,4.822,4.822,582.0,88097.0,425605.298,EUR,EE3100137985
2023-05-17,4.80280989,4.822,4.828,4.78,4.822,4.79,1,4.79,-0.66,4.79,4.79,558.0,39892.0,191593.692,EUR,EE3100137985
2023-05-19,4.77457739,4.79,4.79,4.76,4.79,4.766,1,4.766,-0.5,4.766,4.766,583.0,57393.0,274027.32,EUR,EE3100137985
2023-05-22,4.70835688,4.76,4.766,4.68,4.766,4.708,1,4.708,-1.22,4.708,4.708,748.0,69878.0,329010.562,EUR,EE3100137985
2023-05-23,4.71806903,4.708,4.74,4.708,4.708,4.72,1,4.72,0.25,4.72,4.72,358.0,34478.0,162669.584,EUR,EE3100137985
2023-05-24,4.65326621,4.702,4.71,4.612,4.72,4.63,1,4.63,-1.91,4.63,4.63,871.0,101656.0,473032.43,EUR,EE3100137985
2023-05-25,4.57687319,4.61,4.618,4.54,4.63,4.566,1,4.566,-1.38,4.566,4.566,981.0,99225.0,454140.242,EUR,EE3100137985
2023-05-26,4.60479303,4.566,4.658,4.55,4.566,4.658,1,4.658,2.01,4.658,4.658,534.0,67117.0,309059.894,EUR,EE3100137985
2023-05-29,4.69120692,4.666,4.71,4.666,4.658,4.686,1,4.686,0.6,4.686,4.686,453.0,48454.0,227307.74,EUR,EE3100137985
2023-05-30,4.7006063,4.69,4.73,4.684,4.686,4.728,1,4.728,0.9,4.722,4.726,396.0,64513.0,303250.214,EUR,EE3100137985
2023-05-31,4.7877599,4.73,4.84,4.73,4.728,4.84,1,4.84,2.37,4.84,4.84,591.0,94196.0,450987.832,EUR,EE3100137985
2023-06-01,4.792806,4.8,4.8,4.766,4.84,4.8,1,4.8,-0.83,4.8,4.8,496.0,59908.0,287127.422,EUR,EE3100137985
2023-06-02,4.7960892,4.79,4.81,4.788,4.8,4.794,1,4.794,-0.13,4.794,4.794,479.0,66549.0,319174.94,EUR,EE3100137985
2023-06-05,4.79195855,4.802,4.808,4.77,4.794,4.788,1,4.788,-0.13,4.788,4.788,584.0,48833.0,234005.712,EUR,EE3100137985
2023-06-06,4.75476955,4.786,4.788,4.74,4.788,4.752,1,4.752,-0.75,4.752,4.752,691.0,85024.0,404269.526,EUR,EE3100137985
2023-06-07,4.56753899,4.54,4.596,4.528,4.752,4.57,1,4.57,-3.83,4.57,4.57,1077.0,110888.0,506485.264,EUR,EE3100137985
2023-06-08,4.52799908,4.54,4.55,4.51,4.57,4.52,1,4.52,-1.09,4.52,4.52,842.0,69424.0,314351.808,EUR,EE3100137985
2023-06-09,4.5236027,4.518,4.532,4.514,4.52,4.528,1,4.528,0.18,4.528,4.528,457.0,29202.0,132098.246,EUR,EE3100137985
2023-06-12,4.46295147,4.526,4.526,4.424,4.528,4.444,1,4.444,-1.86,4.444,4.444,1003.0,86977.0,388174.13,EUR,EE3100137985
2023-06-13,4.46421401,4.48,4.48,4.45,4.444,4.45,1,4.45,0.14,4.45,4.45,480.0,57465.0,256536.058,EUR,EE3100137985
2023-06-14,4.40866687,4.47,4.48,4.37,4.45,4.438,1,4.438,-0.27,4.438,4.438,1115.0,169031.0,745201.37,EUR,EE3100137985
2023-06-15,4.40779968,4.44,4.47,4.38,4.438,4.388,1,4.388,-1.13,4.388,4.388,2604.0,167833.0,739774.244,EUR,EE3100137985
2023-06-16,4.39172292,4.4,4.418,4.374,4.388,4.374,1,4.374,-0.32,4.374,4.374,2205.0,141034.0,619382.25,EUR,EE3100137985
2023-06-19,4.38064673,4.39,4.41,4.37,4.374,4.37,1,4.37,-0.09,4.37,4.37,1398.0,105320.0,461369.714,EUR,EE3100137985
2023-06-20,4.35895547,4.37,4.378,4.35,4.37,4.35,1,4.35,-0.46,4.35,4.35,1174.0,122878.0,535619.73,EUR,EE3100137985
2023-06-21,4.3473682,4.342,4.372,4.338,4.35,4.372,1,4.372,0.51,4.372,4.372,756.0,49639.0,215799.01,EUR,EE3100137985
2023-06-22,4.37948663,4.374,4.39,4.372,4.372,4.386,1,4.386,0.32,4.386,4.386,493.0,40322.0,176589.66,EUR,EE3100137985
2023-06-23,,4.386,,,4.386,4.386,1,4.386,,,,,,,EUR,EE3100137985
2023-06-26,4.37692948,4.39,4.44,4.348,4.386,4.35,1,4.35,-0.82,4.35,4.35,888.0,129625.0,567359.484,EUR,EE3100137985
2023-06-27,4.34743377,4.36,4.378,4.338,4.35,4.344,1,4.344,-0.14,4.344,4.344,708.0,46751.0,203246.876,EUR,EE3100137985
2023-06-28,4.35126377,4.348,4.368,4.34,4.344,4.36,1,4.36,0.37,4.36,4.36,491.0,30140.0,131147.09,EUR,EE3100137985
2023-06-29,4.35613519,4.368,4.38,4.338,4.36,4.342,1,4.342,-0.41,4.342,4.342,619.0,47297.0,206032.126,EUR,EE3100137985
2023-06-30,4.35541133,4.35,4.364,4.346,4.342,4.36,1,4.36,0.41,4.36,4.36,410.0,17521.0,76311.162,EUR,EE3100137985
2023-07-03,4.35895469,4.366,4.37,4.35,4.36,4.35,1,4.35,-0.23,4.35,4.35,717.0,52794.0,230126.654,EUR,EE3100137985
2023-07-04,4.35154199,4.35,4.36,4.346,4.35,4.36,1,4.36,0.23,4.36,4.36,530.0,31934.0,138962.142,EUR,EE3100137985
2023-07-05,4.35471064,4.356,4.36,4.35,4.36,4.356,1,4.356,-0.09,4.356,4.356,469.0,17905.0,77971.094,EUR,EE3100137985
2023-07-06,4.35079461,4.358,4.362,4.338,4.356,4.35,1,4.35,-0.14,4.35,4.35,792.0,73973.0,321841.33,EUR,EE3100137985
2023-07-07,4.34893867,4.35,4.358,4.34,4.35,4.352,1,4.352,0.05,4.352,4.352,516.0,41663.0,181189.832,EUR,EE3100137985
2023-07-10,4.32835297,4.342,4.35,4.312,4.352,4.318,1,4.318,-0.78,4.318,4.318,1109.0,65597.0,283926.97,EUR,EE3100137985
2023-07-11,4.33027794,4.32,4.348,4.32,4.318,4.338,1,4.338,0.46,4.338,4.338,610.0,61294.0,265420.056,EUR,EE3100137985
2023-07-12,4.34901437,4.34,4.368,4.33,4.338,4.334,1,4.334,-0.09,4.334,4.334,535.0,77776.0,338248.942,EUR,EE3100137985
2023-07-13,4.34326195,4.338,4.35,4.338,4.334,4.344,1,4.344,0.23,4.344,4.344,354.0,23909.0,103843.05,EUR,EE3100137985
2023-07-14,4.34939869,4.35,4.356,4.344,4.344,4.348,1,4.348,0.09,4.348,4.35,348.0,54581.0,237394.53,EUR,EE3100137985
2023-07-17,4.31187853,4.348,4.354,4.292,4.348,4.3,1,4.3,-1.1,4.3,4.3,1235.0,170320.0,734399.152,EUR,EE3100137985
2023-07-18,4.29457054,4.3,4.32,4.288,4.3,4.29,1,4.29,-0.23,4.29,4.29,749.0,95646.0,410758.494,EUR,EE3100137985
2023-07-19,4.27776604,4.298,4.302,4.25,4.29,4.26,1,4.26,-0.7,4.26,4.26,889.0,110880.0,474318.698,EUR,EE3100137985
2023-07-20,4.20662918,4.258,4.258,4.19,4.26,4.2,1,4.2,-1.41,4.2,4.2,1325.0,133446.0,561357.838,EUR,EE3100137985
2023-07-21,4.22503566,4.2,4.254,4.2,4.2,4.25,1,4.25,1.19,4.25,4.25,520.0,36311.0,153415.27,EUR,EE3100137985
2023-07-24,4.21948302,4.252,4.26,4.194,4.25,4.2,1,4.2,-1.18,4.2,4.2,765.0,67384.0,284325.644,EUR,EE3100137985
2023-07-25,4.22061312,4.202,4.25,4.202,4.2,4.25,1,4.25,1.19,4.25,4.25,411.0,59975.0,253131.272,EUR,EE3100137985
2023-07-26,4.24408497,4.25,4.254,4.22,4.25,4.23,1,4.23,-0.47,4.23,4.23,377.0,17866.0,75824.822,EUR,EE3100137985
2023-07-27,4.22996264,4.22,4.24,4.22,4.23,4.23,1,4.23,,4.23,4.23,323.0,30463.0,128857.352,EUR,EE3100137985
2023-07-28,4.23217381,4.238,4.24,4.224,4.23,4.23,1,4.23,,4.23,4.23,289.0,22622.0,95740.236,EUR,EE3100137985
2023-07-31,4.24423919,4.23,4.266,4.23,4.23,4.266,1,4.266,0.85,4.266,4.266,393.0,27928.0,118533.112,EUR,EE3100137985
2023-08-01,4.22035952,4.266,4.288,4.2,4.266,4.218,1,4.218,-1.13,4.218,4.218,1201.0,168564.0,711400.682,EUR,EE3100137985
2023-08-02,4.19832034,4.218,4.22,4.186,4.218,4.194,1,4.194,-0.57,4.194,4.194,932.0,83531.0,350689.896,EUR,EE3100137985
2023-08-03,4.03356748,4.1,4.1,3.904,4.194,4.006,1,4.006,-4.48,4.006,4.006,2662.0,293181.0,1182565.346,EUR,EE3100137985
2023-08-04,3.94905212,3.996,3.996,3.92,4.006,3.97,1,3.97,-0.9,3.97,3.97,2018.0,295315.0,1166214.326,EUR,EE3100137985
2023-08-07,3.95945577,3.964,3.97,3.942,3.97,3.95,1,3.95,-0.5,3.95,3.95,1198.0,104287.0,412919.764,EUR,EE3100137985
2023-08-08,3.95268639,3.95,3.96,3.944,3.95,3.96,1,3.96,0.25,3.96,3.96,1049.0,132018.0,521825.752,EUR,EE3100137985
2023-08-09,3.96720352,3.964,3.98,3.958,3.96,3.976,1,3.976,0.4,3.976,3.976,724.0,88356.0,350526.234,EUR,EE3100137985
2023-08-10,3.9648489,3.984,3.99,3.946,3.976,3.952,1,3.952,-0.6,3.952,3.952,924.0,94996.0,376644.786,EUR,EE3100137985
2023-08-11,3.94357052,3.95,3.95,3.934,3.952,3.946,1,3.946,-0.15,3.946,3.946,833.0,61996.0,244485.598,EUR,EE3100137985
2023-08-14,3.95341608,3.948,3.968,3.946,3.946,3.958,1,3.958,0.3,3.958,3.958,564.0,44547.0,176112.826,EUR,EE3100137985
2023-08-15,3.96952145,3.964,3.99,3.96,3.958,3.986,1,3.986,0.71,3.986,3.986,420.0,34375.0,136452.3,EUR,EE3100137985
2023-08-16,3.98868077,3.99,3.998,3.97,3.986,3.99,1,3.99,0.1,3.99,3.99,589.0,72867.0,290643.202,EUR,EE3100137985
2023-08-17,3.9797239,3.99,3.99,3.966,3.99,3.966,1,3.966,-0.6,3.966,3.966,450.0,36023.0,143361.594,EUR,EE3100137985
2023-08-18,3.97373157,3.97,3.98,3.964,3.966,3.98,1,3.98,0.35,3.98,3.98,344.0,21063.0,83698.708,EUR,EE3100137985
2023-08-21,3.98031646,3.99,3.99,3.97,3.98,3.972,1,3.972,-0.2,3.972,3.972,633.0,34210.0,136166.626,EUR,EE3100137985
2023-08-22,3.96698721,3.974,3.976,3.96,3.972,3.966,1,3.966,-0.15,3.966,3.966,554.0,30348.0,120390.128,EUR,EE3100137985
2023-08-23,3.96906976,3.966,3.98,3.962,3.966,3.972,1,3.972,0.15,3.972,3.972,320.0,47476.0,188435.556,EUR,EE3100137985
2023-08-24,3.96678191,3.98,3.984,3.956,3.972,3.958,1,3.958,-0.35,3.958,3.958,407.0,43752.0,173554.642,EUR,EE3100137985
2023-08-25,3.95388036,3.958,3.962,3.95,3.958,3.952,1,3.952,-0.15,3.952,3.952,589.0,50132.0,198215.93,EUR,EE3100137985
2023-08-28,3.94974208,3.952,3.956,3.944,3.952,3.948,1,3.948,-0.1,3.948,3.948,612.0,35081.0,138560.902,EUR,EE3100137985
2023-08-29,3.95336697,3.948,3.96,3.946,3.948,3.954,1,3.954,0.15,3.954,3.954,365.0,24280.0,95987.75,EUR,EE3100137985
2023-08-30,3.96058002,3.96,3.966,3.956,3.954,3.96,1,3.96,0.15,3.96,3.96,279.0,27551.0,109117.94,EUR,EE3100137985
2023-08-31,3.92918459,3.964,3.964,3.9,3.96,3.9,1,3.9,-1.52,3.9,3.9,723.0,71419.0,280618.434,EUR,EE3100137985
2023-09-01,3.95577964,3.94,3.978,3.93,3.9,3.974,1,3.974,1.9,3.974,3.974,667.0,73325.0,290057.542,EUR,EE3100137985
2023-09-04,4.00531401,3.98,4.036,3.98,3.974,4.036,1,4.036,1.56,4.036,4.036,627.0,57214.0,229160.036,EUR,EE3100137985
2023-09-05,4.05788905,4.038,4.088,4.038,4.036,4.088,1,4.088,1.29,4.088,4.088,624.0,70015.0,284113.102,EUR,EE3100137985
2023-09-06,4.1606377,4.1,4.19,4.1,4.088,4.19,1,4.19,2.5,4.19,4.19,896.0,61788.0,257077.482,EUR,EE3100137985
2023-09-07,4.16783678,4.2,4.216,4.15,4.19,4.16,1,4.16,-0.72,4.16,4.16,630.0,95810.0,399320.442,EUR,EE3100137985
2023-09-08,4.1640627,4.17,4.18,4.142,4.16,4.16,1,4.16,,4.16,4.16,559.0,54578.0,227266.214,EUR,EE3100137985
2023-09-11,4.14939718,4.17,4.18,4.114,4.16,4.12,1,4.12,-0.96,4.12,4.12,659.0,40410.0,167677.14,EUR,EE3100137985
2023-09-12,4.08735253,4.12,4.12,4.05,4.12,4.058,1,4.058,-1.5,4.058,4.058,851.0,49377.0,201821.206,EUR,EE3100137985
2023-09-13,4.02979287,4.058,4.068,4.0,4.058,4.02,1,4.02,-0.94,4.02,4.02,585.0,66105.0,266389.458,EUR,EE3100137985
2023-09-14,4.03118477,4.02,4.076,4.004,4.02,4.064,1,4.064,1.09,4.064,4.064,513.0,52829.0,212963.46,EUR,EE3100137985
2023-09-15,4.09508298,4.07,4.13,4.07,4.064,4.094,1,4.094,0.74,4.094,4.094,416.0,37260.0,152582.792,EUR,EE3100137985
2023-09-18,4.06446546,4.09,4.092,4.04,4.094,4.054,1,4.054,-0.98,4.054,4.054,600.0,54742.0,222496.968,EUR,EE3100137985
2023-09-19,4.04419635,4.05,4.054,4.032,4.054,4.046,1,4.046,-0.2,4.046,4.046,347.0,26881.0,108712.042,EUR,EE3100137985
2023-09-20,4.02174719,4.036,4.046,4.01,4.046,4.016,1,4.016,-0.74,4.016,4.016,389.0,31985.0,128635.584,EUR,EE3100137985
2023-09-21,3.99929714,4.014,4.02,3.968,4.016,3.994,1,3.994,-0.55,3.994,3.994,774.0,106565.0,426185.1,EUR,EE3100137985
2023-09-22,3.98638143,3.97,4.01,3.966,3.994,3.99,1,3.99,-0.1,3.99,3.99,480.0,55764.0,222296.574,EUR,EE3100137985
2023-09-25,3.97523187,3.972,3.986,3.97,3.99,3.974,1,3.974,-0.4,3.974,3.974,447.0,45901.0,182467.118,EUR,EE3100137985
2023-09-26,3.98401548,3.992,3.996,3.974,3.974,3.98,1,3.98,0.15,3.98,3.98,522.0,66003.0,262956.974,EUR,EE3100137985
2023-09-27,4.02685727,3.98,4.096,3.98,3.98,4.072,1,4.072,2.31,4.072,4.072,598.0,122785.0,494437.67,EUR,EE3100137985
2023-09-28,4.0406838,4.07,4.09,4.01,4.072,4.018,1,4.018,-1.33,4.018,4.018,386.0,39690.0,160374.74,EUR,EE3100137985
2023-09-29,4.00641257,4.016,4.03,3.992,4.018,4.018,1,4.018,,4.018,4.018,422.0,50329.0,201638.738,EUR,EE3100137985
2023-10-02,4.02300749,4.022,4.04,4.018,4.018,4.02,1,4.02,0.05,4.02,4.02,378.0,18960.0,76276.222,EUR,EE3100137985
2023-10-03,4.00078254,4.018,4.02,3.99,4.02,3.998,1,3.998,-0.55,3.998,3.998,527.0,35331.0,141351.648,EUR,EE3100137985
2023-10-04,3.99907479,3.998,4.02,3.996,3.998,4.0,1,4.0,0.05,4.0,4.0,300.0,29120.0,116453.058,EUR,EE3100137985
2023-10-05,3.97194469,4.018,4.018,3.952,4.0,3.968,1,3.968,-0.8,3.968,3.968,795.0,75789.0,301029.716,EUR,EE3100137985
2023-10-06,3.95083779,3.962,3.97,3.91,3.968,3.934,1,3.934,-0.86,3.934,3.934,863.0,60161.0,237686.352,EUR,EE3100137985
2023-10-09,3.94273809,3.946,3.976,3.924,3.934,3.94,1,3.94,0.15,3.94,3.94,659.0,54549.0,215072.42,EUR,EE3100137985
2023-10-10,3.92230659,3.942,3.942,3.91,3.94,3.912,1,3.912,-0.71,3.912,3.912,658.0,56329.0,220939.608,EUR,EE3100137985
2023-10-11,3.91488301,3.92,3.924,3.902,3.912,3.906,1,3.906,-0.15,3.906,3.906,532.0,38935.0,152425.97,EUR,EE3100137985
2023-10-12,3.93961338,3.92,3.968,3.92,3.906,3.96,1,3.96,1.38,3.96,3.96,515.0,80990.0,319069.288,EUR,EE3100137985
2023-10-13,3.95584412,3.96,3.97,3.95,3.96,3.952,1,3.952,-0.2,3.952,3.952,303.0,20080.0,79433.35,EUR,EE3100137985
2023-10-16,3.93320169,3.95,3.954,3.916,3.952,3.92,1,3.92,-0.81,3.92,3.92,559.0,39263.0,154429.298,EUR,EE3100137985
2023-10-17,3.92336297,3.92,3.932,3.92,3.92,3.924,1,3.924,0.1,3.924,3.924,407.0,22809.0,89487.986,EUR,EE3100137985
2023-10-18,3.91975745,3.92,3.926,3.91,3.924,3.92,1,3.92,-0.1,3.92,3.92,421.0,16500.0,64675.998,EUR,EE3100137985
2023-10-19,3.90406332,3.922,3.922,3.894,3.92,3.9,1,3.9,-0.51,3.9,3.9,909.0,56000.0,218627.546,EUR,EE3100137985
2023-10-20,3.86813143,3.898,3.898,3.85,3.9,3.858,1,3.858,-1.08,3.858,3.858,832.0,66380.0,256766.564,EUR,EE3100137985
2023-10-23,3.84544145,3.86,3.868,3.824,3.858,3.824,1,3.824,-0.88,3.824,3.824,777.0,46488.0,178766.882,EUR,EE3100137985
2023-10-24,3.83897065,3.826,3.86,3.82,3.824,3.846,1,3.846,0.58,3.846,3.846,504.0,43004.0,165091.094,EUR,EE3100137985
2023-10-25,3.84730099,3.85,3.86,3.838,3.846,3.85,1,3.85,0.1,3.85,3.85,396.0,40174.0,154561.47,EUR,EE3100137985
2023-10-26,3.8413451,3.85,3.85,3.83,3.85,3.846,1,3.846,-0.1,3.846,3.846,298.0,16879.0,64838.064,EUR,EE3100137985
2023-10-27,3.8361139,3.84,3.842,3.83,3.846,3.842,1,3.842,-0.1,3.842,3.842,390.0,23758.0,91138.394,EUR,EE3100137985
2023-10-30,3.82981642,3.836,3.84,3.816,3.842,3.824,1,3.824,-0.47,3.824,3.824,635.0,37357.0,143070.452,EUR,EE3100137985
2023-10-31,3.80316092,3.82,3.822,3.794,3.824,3.798,1,3.798,-0.68,3.798,3.798,834.0,46873.0,178265.562,EUR,EE3100137985
2023-11-01,3.71411126,3.7,3.75,3.65,3.798,3.716,1,3.716,-2.16,3.716,3.716,1052.0,102318.0,380020.436,EUR,EE3100137985
2023-11-02,3.63688413,3.654,3.694,3.61,3.716,3.668,1,3.668,-1.29,3.668,3.668,1257.0,162427.0,590728.178,EUR,EE3100137985
2023-11-03,3.62052346,3.624,3.644,3.61,3.668,3.622,1,3.622,-1.25,3.622,3.622,1162.0,118205.0,427963.976,EUR,EE3100137985
2023-11-06,3.71970954,3.62,3.764,3.61,3.622,3.74,1,3.74,3.26,3.74,3.74,809.0,114637.0,426416.343,EUR,EE3100137985
2023-11-07,3.73948889,3.75,3.766,3.71,3.74,3.714,1,3.714,-0.7,3.714,3.714,696.0,66850.0,249984.832,EUR,EE3100137985
2023-11-08,3.69788911,3.712,3.712,3.662,3.714,3.668,1,3.668,-1.24,3.668,3.668,784.0,58148.0,215024.856,EUR,EE3100137985
2023-11-09,3.69291164,3.668,3.71,3.668,3.668,3.706,1,3.706,1.04,3.706,3.706,446.0,29222.0,107914.264,EUR,EE3100137985
2023-11-10,3.70770784,3.7,3.742,3.692,3.706,3.694,1,3.694,-0.32,3.694,3.694,571.0,52793.0,195741.02,EUR,EE3100137985
2023-11-13,3.67183605,3.694,3.694,3.654,3.694,3.654,1,3.654,-1.08,3.654,3.654,739.0,36328.0,133390.46,EUR,EE3100137985
2023-11-14,3.65209218,3.654,3.67,3.64,3.654,3.65,1,3.65,-0.11,3.65,3.65,732.0,47666.0,174080.626,EUR,EE3100137985
2023-11-15,3.62527931,3.65,3.67,3.59,3.65,3.6,1,3.6,-1.37,3.6,3.6,1085.0,112664.0,408438.468,EUR,EE3100137985
2023-11-16,3.59534385,3.604,3.618,3.58,3.6,3.586,1,3.586,-0.39,3.586,3.586,748.0,68942.0,247870.196,EUR,EE3100137985
2023-11-17,3.54616314,3.58,3.58,3.524,3.586,3.546,1,3.546,-1.12,3.546,3.546,1180.0,100747.0,357265.298,EUR,EE3100137985
2023-11-20,3.50858056,3.546,3.546,3.49,3.546,3.498,1,3.498,-1.35,3.498,3.498,1253.0,105864.0,371432.372,EUR,EE3100137985
2023-11-21,3.45403725,3.494,3.496,3.422,3.498,3.422,1,3.422,-2.17,3.422,3.422,1604.0,161604.0,558186.236,EUR,EE3100137985
2023-11-22,3.42803683,3.422,3.44,3.42,3.422,3.428,1,3.428,0.18,3.428,3.428,898.0,89810.0,307871.988,EUR,EE3100137985
2023-11-23,3.44628519,3.428,3.466,3.426,3.428,3.458,1,3.458,0.88,3.458,3.458,702.0,108139.0,372677.834,EUR,EE3100137985
2023-11-24,3.49400894,3.464,3.544,3.46,3.458,3.524,1,3.524,1.91,3.524,3.524,806.0,173475.0,604797.202,EUR,EE3100137985
2023-11-27,3.54679838,3.55,3.57,3.532,3.524,3.532,1,3.532,0.23,3.532,3.532,772.0,64598.0,229116.082,EUR,EE3100137985
2023-11-28,3.5135138,3.526,3.526,3.5,3.532,3.514,1,3.514,-0.51,3.514,3.514,670.0,49502.0,173925.96,EUR,EE3100137985
2023-11-29,3.51400197,3.514,3.52,3.508,3.514,3.514,1,3.514,,3.514,3.514,615.0,32428.0,113952.056,EUR,EE3100137985
2023-11-30,3.49631651,3.514,3.544,3.48,3.514,3.48,1,3.48,-0.97,3.48,3.48,828.0,224260.0,784083.94,EUR,EE3100137985
2023-12-01,3.49787622,3.48,3.514,3.48,3.48,3.514,1,3.514,0.98,3.514,3.514,523.0,43948.0,153724.664,EUR,EE3100137985
2023-12-04,3.49364955,3.5,3.508,3.484,3.514,3.49,1,3.49,-0.68,3.49,3.49,680.0,54849.0,191623.184,EUR,EE3100137985
2023-12-05,3.4833173,3.492,3.496,3.474,3.49,3.48,1,3.48,-0.29,3.48,3.48,692.0,41163.0,143383.79,EUR,EE3100137985
2023-12-06,3.48386596,3.482,3.49,3.472,3.48,3.486,1,3.486,0.17,3.486,3.486,644.0,45866.0,159790.996,EUR,EE3100137985
2023-12-07,3.48125214,3.486,3.49,3.474,3.486,3.48,1,3.48,-0.17,3.48,3.48,637.0,77009.0,268087.746,EUR,EE3100137985
2023-12-08,3.48680177,3.48,3.514,3.47,3.48,3.512,1,3.512,0.92,3.512,3.512,698.0,85381.0,297706.622,EUR,EE3100137985
2023-12-11,3.573937,3.516,3.634,3.516,3.512,3.632,1,3.632,3.42,3.632,3.632,872.0,83592.0,298752.542,EUR,EE3100137985
2023-12-12,3.66221632,3.64,3.688,3.636,3.632,3.66,1,3.66,0.77,3.66,3.66,724.0,97891.0,358498.018,EUR,EE3100137985
2023-12-13,3.64423204,3.668,3.668,3.62,3.66,3.648,1,3.648,-0.33,3.648,3.648,465.0,51275.0,186857.998,EUR,EE3100137985
2023-12-14,3.65887885,3.648,3.68,3.648,3.648,3.656,1,3.656,0.22,3.65,3.656,511.0,71359.0,261093.936,EUR,EE3100137985
2023-12-15,3.64491491,3.658,3.68,3.612,3.656,3.618,1,3.618,-1.04,3.618,3.618,624.0,83230.0,303366.268,EUR,EE3100137985
2023-12-18,3.59455016,3.606,3.61,3.582,3.618,3.596,1,3.596,-0.61,3.596,3.596,549.0,63476.0,228167.666,EUR,EE3100137985
2023-12-19,3.59040739,3.596,3.61,3.572,3.596,3.58,1,3.58,-0.44,3.58,3.58,522.0,50683.0,181972.618,EUR,EE3100137985
2023-12-20,3.56077112,3.552,3.572,3.552,3.58,3.552,1,3.552,-0.78,3.552,3.552,561.0,49769.0,177216.018,EUR,EE3100137985
2023-12-21,3.53474549,3.548,3.564,3.508,3.552,3.52,1,3.52,-0.9,3.52,3.52,763.0,55429.0,195927.408,EUR,EE3100137985
2023-12-22,3.49785076,3.514,3.518,3.486,3.52,3.502,1,3.502,-0.51,3.502,3.502,672.0,67207.0,235080.056,EUR,EE3100137985
2023-12-27,3.51044941,3.504,3.524,3.502,3.502,3.506,1,3.506,0.11,3.506,3.506,456.0,37801.0,132698.498,EUR,EE3100137985
2023-12-28,3.53020367,3.51,3.56,3.508,3.506,3.54,1,3.54,0.97,3.54,3.54,507.0,48165.0,170032.26,EUR,EE3100137985
2023-12-29,3.55639799,3.55,3.568,3.55,3.54,3.556,1,3.556,0.45,3.556,3.556,468.0,24920.0,88625.438,EUR,EE3100137985
2024-01-02,3.55545146,3.558,3.574,3.542,3.556,3.55,1,3.55,-0.17,3.55,3.55,565.0,31615.0,112405.598,EUR,EE3100137985
2024-01-03,3.56759653,3.546,3.62,3.542,3.55,3.602,1,3.602,1.46,3.602,3.602,628.0,49040.0,174954.934,EUR,EE3100137985
2024-01-04,3.66379498,3.62,3.678,3.614,3.602,3.678,1,3.678,2.11,3.678,3.678,643.0,67983.0,249075.774,EUR,EE3100137985
2024-01-05,3.68283668,3.68,3.698,3.67,3.678,3.684,1,3.684,0.16,3.684,3.684,570.0,43027.0,158461.414,EUR,EE3100137985
2024-01-08,3.68483911,3.69,3.696,3.67,3.684,3.67,1,3.67,-0.38,3.67,3.67,562.0,29405.0,108352.694,EUR,EE3100137985
2024-01-09,3.7005877,3.7,3.71,3.688,3.67,3.704,1,3.704,0.93,3.704,3.704,484.0,39030.0,144433.938,EUR,EE3100137985
2024-01-10,3.69075197,3.704,3.704,3.68,3.704,3.688,1,3.688,-0.43,3.688,3.688,449.0,15506.0,57228.8,EUR,EE3100137985
2024-01-11,3.7122594,3.698,3.736,3.692,3.688,3.722,1,3.722,0.92,3.722,3.722,462.0,37078.0,137643.154,EUR,EE3100137985
2024-01-12,3.74424902,3.726,3.784,3.722,3.722,3.778,1,3.778,1.5,3.778,3.778,607.0,51698.0,193570.186,EUR,EE3100137985
2024-01-15,3.77424453,3.78,3.796,3.744,3.778,3.748,1,3.748,-0.79,3.748,3.748,649.0,68862.0,259902.027,EUR,EE3100137985
2024-01-16,3.75920738,3.752,3.778,3.75,3.748,3.76,1,3.76,0.32,3.76,3.76,390.0,32447.0,121975.002,EUR,EE3100137985
2024-01-17,3.73952369,3.76,3.76,3.718,3.76,3.726,1,3.726,-0.9,3.726,3.726,584.0,43955.0,164370.764,EUR,EE3100137985
2024-01-18,3.71496067,3.724,3.724,3.706,3.726,3.716,1,3.716,-0.27,3.714,3.716,431.0,45972.0,170784.172,EUR,EE3100137985
2024-01-19,3.71013055,3.714,3.718,3.702,3.716,3.702,1,3.702,-0.38,3.702,3.702,333.0,20988.0,77868.22,EUR,EE3100137985
2024-01-22,3.64897027,3.7,3.704,3.628,3.702,3.65,1,3.65,-1.4,3.65,3.65,796.0,131153.0,478573.398,EUR,EE3100137985
2024-01-23,3.61837463,3.64,3.65,3.6,3.65,3.604,1,3.604,-1.26,3.604,3.604,634.0,45730.0,165468.272,EUR,EE3100137985
2024-01-24,3.58419079,3.602,3.62,3.566,3.604,3.572,1,3.572,-0.89,3.572,3.572,556.0,40087.0,143679.456,EUR,EE3100137985
2024-01-25,3.54821504,3.572,3.576,3.5,3.572,3.564,1,3.564,-0.22,3.564,3.564,651.0,54028.0,191702.962,EUR,EE3100137985
2024-01-26,3.54073139,3.532,3.558,3.53,3.564,3.544,1,3.544,-0.56,3.544,3.544,528.0,33550.0,118791.538,EUR,EE3100137985
2024-01-29,3.52422238,3.53,3.536,3.514,3.544,3.514,1,3.514,-0.85,3.514,3.514,797.0,53520.0,188616.382,EUR,EE3100137985
2024-01-30,3.51564784,3.51,3.524,3.51,3.514,3.52,1,3.52,0.17,3.52,3.52,514.0,45497.0,159951.43,EUR,EE3100137985
2024-01-31,3.51793298,3.524,3.524,3.514,3.52,3.518,1,3.518,-0.06,3.518,3.518,476.0,24531.0,86298.414,EUR,EE3100137985
2024-02-01,3.52464474,3.512,3.558,3.512,3.518,3.548,1,3.548,0.85,3.548,3.548,502.0,33815.0,119185.862,EUR,EE3100137985
2024-02-02,3.53120955,3.546,3.546,3.524,3.548,3.528,1,3.528,-0.56,3.528,3.528,495.0,41776.0,147519.81,EUR,EE3100137985
2024-02-05,3.52995561,3.53,3.55,3.518,3.528,3.518,1,3.518,-0.28,3.518,3.518,745.0,54653.0,192922.664,EUR,EE3100137985
2024-02-06,3.5520452,3.526,3.58,3.524,3.518,3.58,1,3.58,1.76,3.58,3.58,540.0,44560.0,158279.134,EUR,EE3100137985
2024-02-07,3.57334088,3.6,3.616,3.53,3.58,3.538,1,3.538,-1.17,3.538,3.538,890.0,58860.0,210326.844,EUR,EE3100137985
2024-02-08,3.53553066,3.532,3.54,3.53,3.538,3.534,1,3.534,-0.11,3.534,3.534,450.0,35603.0,125875.498,EUR,EE3100137985
2024-02-09,3.53099689,3.534,3.536,3.526,3.534,3.534,1,3.534,,3.534,3.534,530.0,27297.0,96385.622,EUR,EE3100137985
2024-02-12,3.5472989,3.534,3.56,3.534,3.534,3.544,1,3.544,0.28,3.544,3.544,493.0,41241.0,146294.154,EUR,EE3100137985
2024-02-13,3.53409584,3.544,3.546,3.524,3.544,3.526,1,3.526,-0.51,3.526,3.526,529.0,30949.0,109376.732,EUR,EE3100137985
2024-02-14,3.52558864,3.522,3.534,3.52,3.526,3.528,1,3.528,0.06,3.528,3.528,453.0,22613.0,79724.136,EUR,EE3100137985
2024-02-15,3.532267,3.532,3.544,3.522,3.528,3.524,1,3.524,-0.11,3.524,3.524,440.0,30030.0,106073.978,EUR,EE3100137985
2024-02-16,3.52108125,3.52,3.526,3.516,3.524,3.524,1,3.524,,3.524,3.524,437.0,20763.0,73108.21,EUR,EE3100137985
2024-02-19,3.51197684,3.524,3.53,3.5,3.524,3.506,1,3.506,-0.51,3.506,3.506,795.0,45249.0,158913.44,EUR,EE3100137985
2024-02-20,3.49878759,3.5,3.504,3.492,3.506,3.498,1,3.498,-0.23,3.498,3.498,621.0,41745.0,146056.888,EUR,EE3100137985
2024-02-21,3.48261879,3.494,3.494,3.47,3.498,3.472,1,3.472,-0.74,3.472,3.472,767.0,31122.0,108386.062,EUR,EE3100137985
2024-02-22,3.48577098,3.472,3.5,3.472,3.472,3.49,1,3.49,0.52,3.49,3.49,340.0,42145.0,146907.818,EUR,EE3100137985
2024-02-23,3.48139685,3.494,3.496,3.474,3.49,3.482,1,3.482,-0.23,3.482,3.482,410.0,36223.0,126106.638,EUR,EE3100137985
2024-02-26,3.48702958,3.482,3.5,3.48,3.482,3.484,1,3.484,0.06,3.484,3.484,614.0,51586.0,179881.908,EUR,EE3100137985
2024-02-27,3.4814506,3.482,3.484,3.476,3.484,3.476,1,3.476,-0.23,3.476,3.476,367.0,35064.0,122073.584,EUR,EE3100137985
2024-02-28,3.48147729,3.474,3.484,3.474,3.476,3.484,1,3.484,0.23,3.484,3.484,356.0,35729.0,124389.702,EUR,EE3100137985
2024-02-29,3.3777276,3.47,3.47,3.302,3.484,3.322,1,3.322,-4.65,3.322,3.322,1912.0,162910.0,550265.604,EUR,EE3100137985
2024-03-01,3.26666816,3.3,3.3,3.25,3.322,3.258,1,3.258,-1.93,3.258,3.258,1623.0,120596.0,393947.114,EUR,EE3100137985
2024-03-04,3.26116136,3.258,3.304,3.232,3.258,3.3,1,3.3,1.29,3.3,3.3,1069.0,98245.0,320392.798,EUR,EE3100137985
2024-03-05,3.3492768,3.314,3.398,3.306,3.3,3.396,1,3.396,2.91,3.396,3.396,681.0,98224.0,328979.364,EUR,EE3100137985
2024-03-06,3.42337103,3.43,3.47,3.396,3.396,3.41,1,3.41,0.41,3.41,3.41,766.0,67812.0,232145.636,EUR,EE3100137985
2024-03-07,3.37736403,3.416,3.418,3.346,3.41,3.346,1,3.346,-1.88,3.346,3.346,603.0,38640.0,130501.346,EUR,EE3100137985
2024-03-08,3.33861846,3.34,3.358,3.32,3.346,3.34,1,3.34,-0.18,3.34,3.34,466.0,36665.0,122410.446,EUR,EE3100137985
2024-03-11,3.33869246,3.344,3.366,3.322,3.34,3.324,1,3.324,-0.48,3.324,3.324,618.0,30864.0,103045.404,EUR,EE3100137985
2024-03-12,3.32402552,3.324,3.33,3.32,3.324,3.324,1,3.324,,3.324,3.324,382.0,22261.0,73996.132,EUR,EE3100137985
2024-03-13,3.30756671,3.324,3.326,3.286,3.324,3.3,1,3.3,-0.72,3.3,3.3,727.0,40869.0,135176.944,EUR,EE3100137985
2024-03-14,3.28433184,3.29,3.294,3.28,3.3,3.284,1,3.284,-0.48,3.284,3.284,635.0,46516.0,152773.98,EUR,EE3100137985
2024-03-15,3.27743844,3.284,3.284,3.27,3.284,3.278,1,3.278,-0.18,3.278,3.278,686.0,48522.0,159027.868,EUR,EE3100137985
2024-03-18,3.30001228,3.298,3.324,3.288,3.278,3.288,1,3.288,0.31,3.288,3.288,479.0,43503.0,143560.434,EUR,EE3100137985
2024-03-19,3.28176078,3.288,3.296,3.27,3.288,3.274,1,3.274,-0.43,3.274,3.274,501.0,30499.0,100090.422,EUR,EE3100137985
2024-03-20,3.27404687,3.284,3.288,3.256,3.274,3.268,1,3.268,-0.18,3.268,3.268,517.0,39128.0,128106.906,EUR,EE3100137985
2024-03-21,3.26203865,3.268,3.298,3.25,3.268,3.278,1,3.278,0.31,3.278,3.278,483.0,44397.0,144824.73,EUR,EE3100137985
2024-03-22,3.22635401,3.274,3.276,3.202,3.278,3.214,1,3.214,-1.95,3.214,3.214,1288.0,87426.0,282067.226,EUR,EE3100137985
2024-03-25,3.1878735,3.206,3.222,3.154,3.214,3.158,1,3.158,-1.74,3.158,3.158,1243.0,82990.0,264561.622,EUR,EE3100137985
2024-03-26,3.16309364,3.154,3.2,3.15,3.158,3.156,1,3.156,-0.06,3.156,3.156,832.0,92407.0,292291.994,EUR,EE3100137985
2024-03-27,3.15135393,3.158,3.16,3.134,3.156,3.142,1,3.142,-0.44,3.142,3.142,714.0,49710.0,156653.804,EUR,EE3100137985
2024-03-28,3.15058587,3.142,3.166,3.14,3.142,3.14,1,3.14,-0.06,3.14,3.14,583.0,53432.0,168342.104,EUR,EE3100137985
2024-04-02,3.16167116,3.14,3.222,3.14,3.14,3.206,1,3.206,2.1,3.206,3.206,767.0,75514.0,238750.436,EUR,EE3100137985
2024-04-03,3.21939561,3.25,3.25,3.2,3.206,3.2,1,3.2,-0.19,3.2,3.2,577.0,62542.0,201347.44,EUR,EE3100137985
2024-04-04,3.19866632,3.2,3.218,3.184,3.2,3.184,1,3.184,-0.5,3.184,3.184,392.0,26603.0,85094.12,EUR,EE3100137985
2024-04-05,3.18355648,3.184,3.21,3.166,3.184,3.19,1,3.19,0.19,3.19,3.19,515.0,41617.0,132490.07,EUR,EE3100137985
2024-04-08,3.19964439,3.19,3.216,3.19,3.19,3.204,1,3.204,0.44,3.204,3.204,586.0,37181.0,118965.978,EUR,EE3100137985
2024-04-09,3.20765201,3.2,3.21,3.198,3.204,3.21,1,3.21,0.19,3.21,3.21,453.0,71635.0,229780.152,EUR,EE3100137985
2024-04-10,3.23063527,3.21,3.244,3.21,3.21,3.244,1,3.244,1.06,3.244,3.244,476.0,39344.0,127106.114,EUR,EE3100137985
2024-04-11,3.27377978,3.25,3.32,3.244,3.244,3.25,1,3.25,0.18,3.25,3.25,556.0,45799.0,149935.84,EUR,EE3100137985
2024-04-12,3.26330582,3.258,3.276,3.25,3.25,3.27,1,3.27,0.62,3.27,3.27,580.0,42378.0,138292.374,EUR,EE3100137985
2024-04-15,3.26404217,3.27,3.274,3.25,3.27,3.26,1,3.26,-0.31,3.26,3.26,505.0,29548.0,96445.918,EUR,EE3100137985
2024-04-16,3.22469367,3.258,3.26,3.2,3.26,3.208,1,3.208,-1.6,3.208,3.208,760.0,34841.0,112351.552,EUR,EE3100137985
2024-04-17,3.21706558,3.2,3.25,3.196,3.208,3.222,1,3.222,0.44,3.222,3.222,391.0,34798.0,111947.448,EUR,EE3100137985
2024-04-18,3.20688518,3.21,3.216,3.202,3.222,3.202,1,3.202,-0.62,3.202,3.202,346.0,28358.0,90940.85,EUR,EE3100137985
2024-04-19,3.193844,3.2,3.21,3.19,3.202,3.192,1,3.192,-0.31,3.192,3.192,460.0,41961.0,134016.888,EUR,EE3100137985
2024-04-22,3.19697548,3.19,3.208,3.19,3.192,3.2,1,3.2,0.25,3.2,3.2,402.0,28878.0,92322.258,EUR,EE3100137985
2024-04-23,3.19687502,3.192,3.208,3.19,3.2,3.2,1,3.2,,3.2,3.2,377.0,30998.0,99096.732,EUR,EE3100137985
2024-04-24,3.2007522,3.2,3.204,3.194,3.2,3.202,1,3.202,0.06,3.202,3.202,325.0,19431.0,62193.816,EUR,EE3100137985
2024-04-25,3.20748507,3.2,3.216,3.2,3.202,3.21,1,3.21,0.25,3.21,3.21,340.0,41874.0,134310.23,EUR,EE3100137985
2024-04-26,3.21351822,3.21,3.218,3.206,3.21,3.216,1,3.216,0.19,3.216,3.216,231.0,13994.0,44969.974,EUR,EE3100137985
2024-04-29,3.2268278,3.218,3.24,3.218,3.216,3.228,1,3.228,0.37,3.228,3.228,347.0,32015.0,103306.892,EUR,EE3100137985
2024-04-30,3.22541696,3.226,3.24,3.216,3.228,3.22,1,3.22,-0.25,3.22,3.22,334.0,23923.0,77161.65,EUR,EE3100137985
2024-05-02,3.2416076,3.236,3.258,3.224,3.22,3.254,1,3.254,1.06,3.254,3.254,378.0,47181.0,152942.288,EUR,EE3100137985
2024-05-03,3.24662241,3.252,3.256,3.24,3.254,3.24,1,3.24,-0.43,3.24,3.24,373.0,25234.0,81925.27,EUR,EE3100137985
2024-05-06,3.23256036,3.24,3.244,3.218,3.24,3.218,1,3.218,-0.68,3.218,3.218,542.0,33250.0,107482.632,EUR,EE3100137985
2024-05-07,3.20417972,3.212,3.216,3.192,3.218,3.204,1,3.204,-0.44,3.198,3.204,668.0,37458.0,120022.164,EUR,EE3100137985
2024-05-08,3.19943036,3.2,3.206,3.194,3.204,3.2,1,3.2,-0.12,3.2,3.2,529.0,32986.0,105536.41,EUR,EE3100137985
2024-05-10,3.20851228,3.2,3.24,3.196,3.2,3.23,1,3.23,0.94,3.23,3.23,552.0,67562.0,216735.36,EUR,EE3100137985
2024-05-13,3.23108021,3.24,3.242,3.216,3.23,3.224,1,3.224,-0.19,3.224,3.224,463.0,62038.0,200449.754,EUR,EE3100137985
2024-05-14,3.21241871,3.224,3.226,3.204,3.224,3.21,1,3.21,-0.43,3.21,3.21,348.0,24007.0,77120.536,EUR,EE3100137985
2024-05-15,3.21551542,3.23,3.23,3.2,3.21,3.2,1,3.2,-0.31,3.2,3.2,568.0,44125.0,141884.618,EUR,EE3100137985
2024-05-16,3.18889983,3.2,3.21,3.16,3.2,3.16,1,3.16,-1.25,3.16,3.16,779.0,54455.0,173651.54,EUR,EE3100137985
2024-05-17,3.15862955,3.16,3.182,3.148,3.16,3.156,1,3.156,-0.13,3.156,3.156,837.0,90890.0,287087.84,EUR,EE3100137985
2024-05-20,3.14524629,3.156,3.18,3.114,3.156,3.12,1,3.12,-1.14,3.12,3.12,937.0,100559.0,316282.822,EUR,EE3100137985
2024-05-21,3.10924475,3.122,3.13,3.096,3.12,3.1,1,3.1,-0.64,3.1,3.1,888.0,67946.0,211260.744,EUR,EE3100137985
2024-05-22,3.09184887,3.1,3.104,3.08,3.1,3.084,1,3.084,-0.52,3.084,3.084,732.0,47100.0,145626.082,EUR,EE3100137985
2024-05-23,3.05359777,3.08,3.08,3.038,3.084,3.052,1,3.052,-1.04,3.052,3.052,940.0,111155.0,339422.66,EUR,EE3100137985
2024-05-24,3.05614792,3.05,3.078,3.044,3.052,3.064,1,3.064,0.39,3.064,3.064,604.0,79581.0,243211.308,EUR,EE3100137985
2024-05-27,3.05331466,3.06,3.076,3.02,3.064,3.038,1,3.038,-0.85,3.038,3.038,702.0,73152.0,223356.074,EUR,EE3100137985
2024-05-28,3.01031293,3.03,3.032,2.992,3.038,3.006,1,3.006,-1.05,3.006,3.006,1282.0,132090.0,397275.954,EUR,EE3100137985
2024-05-29,3.01195314,3.0,3.03,2.998,3.006,3.0,1,3.0,-0.2,3.0,3.0,644.0,78324.0,235908.218,EUR,EE3100137985
2024-05-30,3.00950396,3.0,3.018,3.0,3.0,3.01,1,3.01,0.33,3.01,3.01,519.0,562379.0,1692481.826,EUR,EE3100137985
2024-05-31,3.0373756,3.01,3.068,3.006,3.01,3.058,1,3.058,1.59,3.058,3.058,488.0,54436.0,165342.578,EUR,EE3100137985
2024-06-03,3.0748152,3.07,3.096,3.06,3.058,3.072,1,3.072,0.46,3.072,3.072,560.0,63484.0,195201.568,EUR,EE3100137985
2024-06-04,3.07608078,3.072,3.092,3.066,3.072,3.082,1,3.082,0.33,3.082,3.082,464.0,52635.0,161909.512,EUR,EE3100137985
2024-06-05,3.11489805,3.09,3.144,3.09,3.082,3.142,1,3.142,1.95,3.142,3.142,565.0,79120.0,246450.734,EUR,EE3100137985
2024-06-06,3.23191274,3.172,3.278,3.172,3.142,3.214,1,3.214,2.29,3.214,3.214,1291.0,229046.0,740256.686,EUR,EE3100137985
2024-06-07,3.238271,3.236,3.254,3.23,3.214,3.232,1,3.232,0.56,3.232,3.232,616.0,89802.0,290803.212,EUR,EE3100137985
2024-06-10,3.13005641,3.178,3.178,3.096,3.232,3.104,1,3.104,-3.96,3.104,3.104,1147.0,109626.0,343135.564,EUR,EE3100137985
2024-06-11,3.1118498,3.108,3.128,3.104,3.104,3.104,1,3.104,,3.104,3.104,401.0,39615.0,123275.93,EUR,EE3100137985
2024-06-12,3.08639078,3.102,3.104,3.078,3.104,3.084,1,3.084,-0.64,3.084,3.084,674.0,49967.0,154217.688,EUR,EE3100137985
2024-06-13,3.07969382,3.086,3.098,3.068,3.084,3.07,1,3.07,-0.45,3.07,3.07,524.0,35992.0,110844.34,EUR,EE3100137985
2024-06-14,3.03196116,3.06,3.064,3.02,3.07,3.03,1,3.03,-1.3,3.03,3.03,896.0,80742.0,244806.608,EUR,EE3100137985
2024-06-17,3.02096002,3.03,3.038,3.006,3.03,3.026,1,3.026,-0.13,3.026,3.026,664.0,49124.0,148401.64,EUR,EE3100137985
2024-06-18,3.01910574,3.026,3.028,3.01,3.026,3.02,1,3.02,-0.2,3.02,3.02,1570.0,91329.0,275731.908,EUR,EE3100137985
2024-06-19,3.00167956,3.02,3.03,2.984,3.02,2.986,1,2.986,-1.13,2.986,2.986,1560.0,178912.0,537036.494,EUR,EE3100137985
2024-06-20,2.99507263,2.99,3.014,2.98,2.986,3.01,1,3.01,0.8,3.01,3.01,724.0,68061.0,203847.638,EUR,EE3100137985
2024-06-21,3.06127756,3.03,3.1,3.026,3.01,3.086,1,3.086,2.52,3.086,3.086,667.0,55501.0,169903.966,EUR,EE3100137985
2024-06-25,3.08075133,3.088,3.098,3.054,3.086,3.064,1,3.064,-0.71,3.064,3.064,487.0,35758.0,110161.506,EUR,EE3100137985
2024-06-26,3.04979504,3.064,3.066,3.022,3.064,3.022,1,3.022,-1.37,3.022,3.022,482.0,29499.0,89965.904,EUR,EE3100137985
2024-06-27,3.02564889,3.018,3.05,3.01,3.022,3.05,1,3.05,0.93,3.05,3.05,466.0,39743.0,120248.364,EUR,EE3100137985
2024-06-28,3.05137151,3.04,3.06,3.032,3.05,3.054,1,3.054,0.13,3.054,3.054,339.0,25811.0,78758.95,EUR,EE3100137985
2024-07-01,3.03988909,3.05,3.06,3.022,3.054,3.04,1,3.04,-0.46,3.04,3.04,473.0,110219.0,335053.536,EUR,EE3100137985
2024-07-02,3.04141049,3.04,3.06,3.01,3.04,3.05,1,3.05,0.33,3.05,3.056,511.0,59880.0,182119.66,EUR,EE3100137985
2024-07-03,3.06022366,3.05,3.074,3.05,3.05,3.07,1,3.07,0.66,3.068,3.074,413.0,27452.0,84009.26,EUR,EE3100137985
2024-07-04,3.11350499,3.07,3.148,3.07,3.07,3.146,1,3.146,2.48,3.146,3.146,524.0,57962.0,180464.976,EUR,EE3100137985
2024-07-05,3.13960038,3.13,3.148,3.13,3.146,3.136,1,3.136,-0.32,3.136,3.136,362.0,30844.0,96837.834,EUR,EE3100137985
2024-07-08,3.14821829,3.136,3.176,3.122,3.136,3.154,1,3.154,0.57,3.154,3.154,530.0,34514.0,108657.606,EUR,EE3100137985
2024-07-09,3.14040198,3.152,3.17,3.12,3.154,3.126,1,3.126,-0.89,3.126,3.126,476.0,39082.0,122733.19,EUR,EE3100137985
2024-07-10,3.10403885,3.13,3.138,3.08,3.126,3.1,1,3.1,-0.83,3.1,3.1,491.0,54828.0,170188.242,EUR,EE3100137985
2024-07-11,3.10053166,3.1,3.11,3.094,3.1,3.1,1,3.1,,3.1,3.106,332.0,64316.0,199413.794,EUR,EE3100137985
